t_s,sigma_norm,eps_single_pct,eps_mod_pct,eps_mod_fast_pct,eps_mod_slow_pct
0.000000,1.0,0.000000,0.000000,0.000000,0.000000
0.002501,1.0,0.141087,0.163665,0.140036,0.023629
0.005003,1.0,0.280770,0.323865,0.276612,0.047253
0.007504,1.0,0.419062,0.480685,0.409815,0.070871
0.010005,1.0,0.555977,0.634209,0.539727,0.094482
0.012506,1.0,0.691530,0.784518,0.666430,0.118088
0.015008,1.0,0.825733,0.931691,0.790003,0.141688
0.017509,1.0,0.958600,1.075806,0.910524,0.165282
0.020010,1.0,1.090144,1.216937,1.028067,0.188870
0.022511,1.0,1.220379,1.355159,1.142707,0.212452
0.025013,1.0,1.349317,1.490544,1.254515,0.236028
0.027514,1.0,1.476972,1.623160,1.363562,0.259599
0.030015,1.0,1.603355,1.753077,1.469914,0.283163
0.032516,1.0,1.728481,1.880361,1.573639,0.306722
0.035018,1.0,1.852361,2.005077,1.674802,0.330274
0.037519,1.0,1.975008,2.127288,1.773467,0.353821
0.040020,1.0,2.096433,2.247056,1.869693,0.377362
0.042521,1.0,2.216650,2.364441,1.963543,0.400897
0.045023,1.0,2.335671,2.479501,2.055075,0.424426
0.047524,1.0,2.453506,2.592295,2.144345,0.447950
0.050025,1.0,2.570168,2.702878,2.231411,0.471467
0.052526,1.0,2.685669,2.811304,2.316325,0.494979
0.055028,1.0,2.800020,2.917627,2.399142,0.518484
0.057529,1.0,2.913233,3.021898,2.479914,0.541984
0.060030,1.0,3.025319,3.124167,2.558690,0.565478
0.062531,1.0,3.136288,3.224486,2.635520,0.588966
0.065033,1.0,3.246153,3.322900,2.710452,0.612448
0.067534,1.0,3.354925,3.419457,2.783533,0.635924
0.070035,1.0,3.462613,3.514204,2.854809,0.659394
0.072536,1.0,3.569230,3.607183,2.924324,0.682859
0.075038,1.0,3.674785,3.698440,2.992122,0.706318
0.077539,1.0,3.779289,3.788016,3.058246,0.729770
0.080040,1.0,3.882753,3.875953,3.122736,0.753217
0.082541,1.0,3.985187,3.962291,3.185633,0.776658
0.085043,1.0,4.086601,4.047069,3.246976,0.800093
0.087544,1.0,4.187006,4.130326,3.306804,0.823523
0.090045,1.0,4.286411,4.212100,3.365153,0.846946
0.092546,1.0,4.384827,4.292426,3.422062,0.870364
0.095048,1.0,4.482262,4.371340,3.477565,0.893776
0.097549,1.0,4.578728,4.448878,3.531697,0.917181
0.100050,1.0,4.674234,4.525073,3.584491,0.940581
0.102551,1.0,4.768788,4.599957,3.635982,0.963976
0.105053,1.0,4.862402,4.673564,3.686200,0.987364
0.107554,1.0,4.955083,4.745925,3.735178,1.010746
0.110055,1.0,5.046842,4.817069,3.782946,1.034123
0.112556,1.0,5.137687,4.887028,3.829534,1.057494
0.115058,1.0,5.227628,4.955831,3.874972,1.080859
0.117559,1.0,5.316674,5.023505,3.919287,1.104218
0.120060,1.0,5.404833,5.090078,3.962507,1.127571
0.122561,1.0,5.492114,5.155578,4.004660,1.150919
0.125063,1.0,5.578527,5.220031,4.045771,1.174260
0.127564,1.0,5.664079,5.283462,4.085867,1.197596
0.130065,1.0,5.748780,5.345898,4.124972,1.220926
0.132566,1.0,5.832637,5.407361,4.163111,1.244250
0.135068,1.0,5.915660,5.467877,4.200308,1.267568
0.137569,1.0,5.997856,5.527467,4.236587,1.290880
0.140070,1.0,6.079234,5.586156,4.271969,1.314187
0.142571,1.0,6.159802,5.643965,4.306477,1.337488
0.145073,1.0,6.239567,5.700916,4.340133,1.360783
0.147574,1.0,6.318539,5.757029,4.372957,1.384072
0.150075,1.0,6.396724,5.812326,4.404971,1.407355
0.152576,1.0,6.474131,5.866826,4.436194,1.430632
0.155078,1.0,6.550768,5.920549,4.466645,1.453904
0.157579,1.0,6.626641,5.973514,4.496344,1.477170
0.160080,1.0,6.701759,6.025740,4.525310,1.500430
0.162581,1.0,6.776130,6.077244,4.553560,1.523684
0.165083,1.0,6.849760,6.128044,4.581112,1.546932
0.167584,1.0,6.922657,6.178159,4.607984,1.570175
0.170085,1.0,6.994828,6.227603,4.634192,1.593412
0.172586,1.0,7.066281,6.276395,4.659752,1.616643
0.175088,1.0,7.137023,6.324549,4.684681,1.639868
0.177589,1.0,7.207060,6.372081,4.708994,1.663087
0.180090,1.0,7.276400,6.419007,4.732707,1.686300
0.182591,1.0,7.345050,6.465342,4.755834,1.709508
0.185093,1.0,7.413016,6.511099,4.778389,1.732710
0.187594,1.0,7.480306,6.556294,4.800388,1.755906
0.190095,1.0,7.546926,6.600939,4.821843,1.779096
0.192596,1.0,7.612883,6.645049,4.842768,1.802281
0.195098,1.0,7.678183,6.688635,4.863176,1.825459
0.197599,1.0,7.742833,6.731712,4.883080,1.848632
0.200100,1.0,7.806839,6.774292,4.902492,1.871799
0.202601,1.0,7.870208,6.816386,4.921425,1.894961
0.205103,1.0,7.932947,6.858006,4.939890,1.918116
0.207604,1.0,7.995060,6.899165,4.957899,1.941266
0.210105,1.0,8.056556,6.939873,4.975463,1.964410
0.212606,1.0,8.117439,6.980142,4.992594,1.987548
0.215108,1.0,8.177716,7.019981,5.009301,2.010680
0.217609,1.0,8.237393,7.059402,5.025595,2.033807
0.220110,1.0,8.296476,7.098415,5.041487,2.056928
0.222611,1.0,8.354971,7.137029,5.056986,2.080043
0.225113,1.0,8.412884,7.175254,5.072103,2.103152
0.227614,1.0,8.470220,7.213101,5.086846,2.126255
0.230115,1.0,8.526985,7.250577,5.101225,2.149353
0.232616,1.0,8.583185,7.287693,5.115248,2.172445
0.235118,1.0,8.638826,7.324456,5.128926,2.195531
0.237619,1.0,8.693912,7.360876,5.142265,2.218611
0.240120,1.0,8.748450,7.396960,5.155275,2.241686
0.242621,1.0,8.802446,7.432718,5.167963,2.264754
0.245123,1.0,8.855904,7.468156,5.180338,2.287817
0.247624,1.0,8.908829,7.503282,5.192408,2.310875
0.250125,1.0,8.961228,7.538105,5.204179,2.333926
0.252626,1.0,9.013105,7.572631,5.215659,2.356972
0.255128,1.0,9.064466,7.606868,5.226856,2.380012
0.257629,1.0,9.115315,7.640823,5.237777,2.403046
0.260130,1.0,9.165658,7.674501,5.248427,2.426074
0.262631,1.0,9.215500,7.707912,5.258815,2.449097
0.265133,1.0,9.264846,7.741059,5.268945,2.472114
0.267634,1.0,9.313701,7.773951,5.278826,2.495125
0.270135,1.0,9.362069,7.806593,5.288462,2.518130
0.272636,1.0,9.409956,7.838991,5.297861,2.541130
0.275138,1.0,9.457366,7.871151,5.307027,2.564124
0.277639,1.0,9.504304,7.903079,5.315967,2.587112
0.280140,1.0,9.550775,7.934781,5.324686,2.610095
0.282641,1.0,9.596783,7.966261,5.333190,2.633071
0.285143,1.0,9.642333,7.997525,5.341483,2.656042
0.287644,1.0,9.687429,8.028579,5.349572,2.679007
0.290145,1.0,9.732077,8.059428,5.357461,2.701967
0.292646,1.0,9.776280,8.090075,5.365155,2.724920
0.295148,1.0,9.820044,8.120527,5.372659,2.747868
0.297649,1.0,9.863371,8.150788,5.379978,2.770810
0.300150,1.0,9.906267,8.180862,5.387115,2.793747
0.302651,1.0,9.948736,8.210754,5.394077,2.816678
0.305153,1.0,9.990783,8.240469,5.400866,2.839603
0.307654,1.0,10.032411,8.270010,5.407488,2.862522
0.310155,1.0,10.073624,8.299382,5.413947,2.885435
0.312656,1.0,10.114427,8.328588,5.420245,2.908343
0.315158,1.0,10.154824,8.357633,5.426388,2.931245
0.317659,1.0,10.194819,8.386521,5.432380,2.954141
0.320160,1.0,10.234415,8.415255,5.438223,2.977032
0.322661,1.0,10.273618,8.443839,5.443922,2.999917
0.325163,1.0,10.312430,8.472276,5.449480,3.022796
0.327664,1.0,10.350856,8.500571,5.454901,3.045669
0.330165,1.0,10.388899,8.528726,5.460188,3.068537
0.332666,1.0,10.426563,8.556744,5.465345,3.091399
0.335168,1.0,10.463853,8.584629,5.470374,3.114255
0.337669,1.0,10.500771,8.612385,5.475279,3.137106
0.340170,1.0,10.537322,8.640013,5.480062,3.159951
0.342671,1.0,10.573509,8.667518,5.484728,3.182790
0.345173,1.0,10.609336,8.694902,5.489278,3.205623
0.347674,1.0,10.644806,8.722167,5.493716,3.228451
0.350175,1.0,10.679923,8.749317,5.498044,3.251273
0.352676,1.0,10.714690,8.776355,5.502266,3.274089
0.355178,1.0,10.749111,8.803282,5.506383,3.296900
0.357679,1.0,10.783190,8.830103,5.510398,3.319705
0.360180,1.0,10.816929,8.856818,5.514314,3.342504
0.362681,1.0,10.850332,8.883431,5.518133,3.365297
0.365183,1.0,10.883403,8.909944,5.521858,3.388085
0.367684,1.0,10.916145,8.936359,5.525492,3.410867
0.370185,1.0,10.948561,8.962679,5.529035,3.433644
0.372686,1.0,10.980654,8.988905,5.532491,3.456414
0.375188,1.0,11.012427,9.015040,5.535861,3.479179
0.377689,1.0,11.043884,9.041087,5.539148,3.501939
0.380190,1.0,11.075028,9.067046,5.542354,3.524692
0.382691,1.0,11.105862,9.092921,5.545481,3.547440
0.385193,1.0,11.136389,9.118713,5.548530,3.570182
0.387694,1.0,11.166612,9.144423,5.551505,3.592919
0.390195,1.0,11.196535,9.170055,5.554405,3.615650
0.392696,1.0,11.226159,9.195609,5.557234,3.638375
0.395198,1.0,11.255489,9.221088,5.559994,3.661094
0.397699,1.0,11.284526,9.246493,5.562685,3.683808
0.400200,1.0,11.313274,9.271825,5.565309,3.706516
0.402701,1.0,11.341737,9.297087,5.567869,3.729219
0.405203,1.0,11.369916,9.322281,5.570365,3.751915
0.407704,1.0,11.397814,9.347407,5.572800,3.774607
0.410205,1.0,11.425435,9.372467,5.575175,3.797292
0.412706,1.0,11.452780,9.397462,5.577491,3.819972
0.415208,1.0,11.479854,9.422395,5.579750,3.842646
0.417709,1.0,11.506658,9.447267,5.581953,3.865314
0.420210,1.0,11.533195,9.472078,5.584101,3.887977
0.422711,1.0,11.559468,9.496831,5.586197,3.910634
0.425213,1.0,11.585479,9.521526,5.588240,3.933285
0.427714,1.0,11.611231,9.546165,5.590234,3.955931
0.430215,1.0,11.636727,9.570749,5.592178,3.978571
0.432716,1.0,11.661970,9.595279,5.594074,4.001205
0.435218,1.0,11.686961,9.619757,5.595923,4.023834
0.437719,1.0,11.711703,9.644184,5.597726,4.046457
0.440220,1.0,11.736198,9.668560,5.599485,4.069075
0.442721,1.0,11.760450,9.692887,5.601201,4.091686
0.445223,1.0,11.784461,9.717166,5.602874,4.114293
0.447724,1.0,11.808232,9.741399,5.604506,4.136893
0.450225,1.0,11.831767,9.765585,5.606097,4.159488
0.452726,1.0,11.855068,9.789726,5.607649,4.182077
0.455228,1.0,11.878137,9.813823,5.609163,4.204660
0.457729,1.0,11.900975,9.837878,5.610639,4.227238
0.460230,1.0,11.923587,9.861890,5.612079,4.249810
0.462731,1.0,11.945974,9.885861,5.613484,4.272377
0.465233,1.0,11.968137,9.909791,5.614854,4.294938
0.467734,1.0,11.990080,9.933683,5.616189,4.317493
0.470235,1.0,12.011805,9.957535,5.617492,4.340043
0.472736,1.0,12.033313,9.981350,5.618763,4.362587
0.475238,1.0,12.054607,10.005127,5.620002,4.385125
0.477739,1.0,12.075689,10.028869,5.621211,4.407658
0.480240,1.0,12.096562,10.052575,5.622390,4.430185
0.482741,1.0,12.117226,10.076246,5.623539,4.452706
0.485243,1.0,12.137685,10.099883,5.624661,4.475222
0.487744,1.0,12.157940,10.123487,5.625754,4.497732
0.490245,1.0,12.177994,10.147058,5.626821,4.520237
0.492746,1.0,12.197847,10.170597,5.627861,4.542736
0.495248,1.0,12.217504,10.194105,5.628876,4.565229
0.497749,1.0,12.236964,10.217582,5.629865,4.587717
0.500250,0.0,12.242059,10.224504,5.616668,4.607836
0.502751,0.0,12.120187,10.084607,5.477924,4.606683
0.505253,0.0,11.999530,9.948138,5.342607,4.605531
0.507754,0.0,11.880073,9.815011,5.210632,4.604379
0.510255,0.0,11.761805,9.685145,5.081917,4.603228
0.512756,0.0,11.644715,9.558459,4.956383,4.602077
0.515258,0.0,11.528791,9.434874,4.833949,4.600926
0.517759,0.0,11.414020,9.314314,4.714539,4.599775
0.520260,0.0,11.300392,9.196704,4.598079,4.598625
0.522761,0.0,11.187895,9.081971,4.484496,4.597475
0.525263,0.0,11.076519,8.970043,4.373719,4.596325
0.527764,0.0,10.966251,8.860853,4.265678,4.595175
0.530265,0.0,10.857080,8.754332,4.160306,4.594026
0.532766,0.0,10.748997,8.650414,4.057537,4.592877
0.535268,0.0,10.641989,8.549035,3.957306,4.591728
0.537769,0.0,10.536047,8.450132,3.859552,4.590580
0.540270,0.0,10.431159,8.353644,3.764212,4.589432
0.542771,0.0,10.327316,8.259512,3.671227,4.588284
0.545273,0.0,10.224506,8.167676,3.580540,4.587137
0.547774,0.0,10.122720,8.078082,3.492092,4.585989
0.550275,0.0,10.021947,7.990672,3.405830,4.584843
0.552776,0.0,9.922177,7.905394,3.321698,4.583696
0.555278,0.0,9.823401,7.822194,3.239644,4.582550
0.557779,0.0,9.725608,7.741021,3.159618,4.581404
0.560280,0.0,9.628788,7.661826,3.081568,4.580258
0.562781,0.0,9.532933,7.584558,3.005446,4.579112
0.565283,0.0,9.438031,7.509172,2.931205,4.577967
0.567784,0.0,9.344074,7.435619,2.858797,4.576822
0.570285,0.0,9.251053,7.363856,2.788178,4.575677
0.572786,0.0,9.158958,7.293837,2.719304,4.574533
0.575288,0.0,9.067779,7.225520,2.652131,4.573389
0.577789,0.0,8.977508,7.158863,2.586617,4.572245
0.580290,0.0,8.888136,7.093824,2.522722,4.571102
0.582791,0.0,8.799654,7.030364,2.460405,4.569959
0.585293,0.0,8.712052,6.968443,2.399627,4.568816
0.587794,0.0,8.625323,6.908024,2.340351,4.567673
0.590295,0.0,8.539456,6.849070,2.282539,4.566531
0.592796,0.0,8.454445,6.791544,2.226155,4.565389
0.595298,0.0,8.370280,6.735411,2.171164,4.564247
0.597799,0.0,8.286953,6.680637,2.117531,4.563105
0.600300,0.0,8.204455,6.627188,2.065223,4.561964
0.602801,0.0,8.122779,6.575031,2.014208,4.560823
0.605303,0.0,8.041916,6.524135,1.964452,4.559683
0.607804,0.0,7.961858,6.474468,1.915926,4.558542
0.610305,0.0,7.882596,6.426000,1.868598,4.557402
0.612806,0.0,7.804124,6.378702,1.822439,4.556262
0.615308,0.0,7.726433,6.332544,1.777421,4.555123
0.617809,0.0,7.649516,6.287498,1.733515,4.553984
0.620310,0.0,7.573364,6.243538,1.690693,4.552845
0.622811,0.0,7.497970,6.200635,1.648929,4.551706
0.625313,0.0,7.423327,6.158764,1.608196,4.550568
0.627814,0.0,7.349427,6.117900,1.568470,4.549430
0.630315,0.0,7.276262,6.078018,1.529726,4.548292
0.632816,0.0,7.203826,6.039092,1.491938,4.547154
0.635318,0.0,7.132111,6.001101,1.455084,4.546017
0.637819,0.0,7.061110,5.964020,1.419140,4.544880
0.640320,0.0,6.990816,5.927827,1.384084,4.543744
0.642821,0.0,6.921222,5.892501,1.349894,4.542607
0.645323,0.0,6.852320,5.858019,1.316548,4.541471
0.647824,0.0,6.784104,5.824362,1.284026,4.540335
0.650325,0.0,6.716568,5.791508,1.252308,4.539200
0.652826,0.0,6.649704,5.759438,1.221373,4.538065
0.655328,0.0,6.583505,5.728132,1.191202,4.536930
0.657829,0.0,6.517966,5.697572,1.161777,4.535795
0.660330,0.0,6.453078,5.667739,1.133079,4.534661
0.662831,0.0,6.388837,5.638616,1.105089,4.533527
0.665333,0.0,6.325236,5.610183,1.077791,4.532393
0.667834,0.0,6.262267,5.582426,1.051167,4.531259
0.670335,0.0,6.199926,5.555327,1.025201,4.530126
0.672836,0.0,6.138205,5.528869,0.999876,4.528993
0.675338,0.0,6.077098,5.503037,0.975177,4.527860
0.677839,0.0,6.016600,5.477815,0.951087,4.526728
0.680340,0.0,5.956704,5.453189,0.927593,4.525596
0.682841,0.0,5.897404,5.429144,0.904680,4.524464
0.685343,0.0,5.838695,5.405665,0.882332,4.523333
0.687844,0.0,5.780570,5.382738,0.860536,4.522201
0.690345,0.0,5.723024,5.360350,0.839279,4.521070
0.692846,0.0,5.666050,5.338487,0.818547,4.519940
0.695348,0.0,5.609644,5.317136,0.798327,4.518809
0.697849,0.0,5.553799,5.296286,0.778607,4.517679
0.700350,0.0,5.498511,5.275923,0.759373,4.516549
0.702851,0.0,5.443772,5.256035,0.740615,4.515420
0.705353,0.0,5.389579,5.236611,0.722320,4.514290
0.707854,0.0,5.335925,5.217639,0.704477,4.513161
0.710355,0.0,5.282805,5.199108,0.687075,4.512033
0.712856,0.0,5.230214,5.181007,0.670103,4.510904
0.715358,0.0,5.178147,5.163326,0.653550,4.509776
0.717859,0.0,5.126598,5.146054,0.637405,4.508648
0.720360,0.0,5.075562,5.129181,0.621660,4.507521
0.722861,0.0,5.025034,5.112697,0.606304,4.506393
0.725363,0.0,4.975009,5.096593,0.591327,4.505266
0.727864,0.0,4.925482,5.080859,0.576719,4.504140
0.730365,0.0,4.876449,5.065486,0.562473,4.503013
0.732866,0.0,4.827903,5.050466,0.548579,4.501887
0.735368,0.0,4.779841,5.035789,0.535028,4.500761
0.737869,0.0,4.732257,5.021447,0.521811,4.499635
0.740370,0.0,4.685147,5.007431,0.508921,4.498510
0.742871,0.0,4.638505,4.993735,0.496350,4.497385
0.745373,0.0,4.592329,4.980349,0.484089,4.496260
0.747874,0.0,4.546611,4.967267,0.472131,4.495136
0.750375,0.0,4.501349,4.954480,0.460468,4.494012
0.752876,0.0,4.456538,4.941981,0.449093,4.492888
0.755378,0.0,4.412172,4.929764,0.438000,4.491764
0.757879,0.0,4.368249,4.917821,0.427180,4.490641
0.760380,0.0,4.324762,4.906145,0.416628,4.489518
0.762881,0.0,4.281709,4.894731,0.406336,4.488395
0.765383,0.0,4.239084,4.883571,0.396299,4.487272
0.767884,0.0,4.196883,4.872659,0.386509,4.486150
0.770385,0.0,4.155103,4.861990,0.376962,4.485028
0.772886,0.0,4.113738,4.851556,0.367650,4.483906
0.775388,0.0,4.072786,4.841353,0.358568,4.482785
0.777889,0.0,4.032240,4.831374,0.349711,4.481664
0.780390,0.0,3.992099,4.821615,0.341072,4.480543
0.782891,0.0,3.952357,4.812069,0.332647,4.479423
0.785393,0.0,3.913011,4.802732,0.324429,4.478302
0.787894,0.0,3.874057,4.793598,0.316415,4.477182
0.790395,0.0,3.835490,4.784662,0.308599,4.476063
0.792896,0.0,3.797307,4.775919,0.300976,4.474943
0.795398,0.0,3.759504,4.767365,0.293541,4.473824
0.797899,0.0,3.722078,4.758995,0.286290,4.472705
0.800400,0.0,3.685024,4.750805,0.279218,4.471586
0.802901,0.0,3.648340,4.742789,0.272321,4.470468
0.805403,0.0,3.612020,4.734944,0.265594,4.469350
0.807904,0.0,3.576062,4.727265,0.259033,4.468232
0.810405,0.0,3.540462,4.719749,0.252634,4.467115
0.812906,0.0,3.505216,4.712391,0.246394,4.465998
0.815408,0.0,3.470321,4.705188,0.240307,4.464881
0.817909,0.0,3.435774,4.698135,0.234371,4.463764
0.820410,0.0,3.401570,4.691229,0.228582,4.462648
0.822911,0.0,3.367707,4.684467,0.222935,4.461532
0.825413,0.0,3.334181,4.677844,0.217428,4.460416
0.827914,0.0,3.300989,4.671357,0.212057,4.459300
0.830415,0.0,3.268127,4.665004,0.206819,4.458185
0.832916,0.0,3.235593,4.658780,0.201710,4.457070
0.835418,0.0,3.203382,4.652683,0.196727,4.455955
0.837919,0.0,3.171492,4.646709,0.191868,4.454841
0.840420,0.0,3.139919,4.640855,0.187128,4.453727
0.842921,0.0,3.108661,4.635119,0.182506,4.452613
0.845423,0.0,3.077714,4.629497,0.177997,4.451500
0.847924,0.0,3.047075,4.623987,0.173600,4.450386
0.850425,0.0,3.016741,4.618585,0.169312,4.449273
0.852926,0.0,2.986709,4.613290,0.165130,4.448160
0.855428,0.0,2.956976,4.608099,0.161051,4.447048
0.857929,0.0,2.927539,4.603008,0.157072,4.445936
0.860430,0.0,2.898395,4.598016,0.153192,4.444824
0.862931,0.0,2.869541,4.593120,0.149408,4.443712
0.865433,0.0,2.840974,4.588318,0.145717,4.442601
0.867934,0.0,2.812692,4.583608,0.142118,4.441490
0.870435,0.0,2.784691,4.578986,0.138607,4.440379
0.872936,0.0,2.756970,4.574452,0.135183,4.439269
0.875438,0.0,2.729524,4.570002,0.131844,4.438158
0.877939,0.0,2.702351,4.565635,0.128587,4.437048
0.880440,0.0,2.675449,4.561349,0.125411,4.435939
0.882941,0.0,2.648814,4.557142,0.122313,4.434829
0.885443,0.0,2.622445,4.553011,0.119291,4.433720
0.887944,0.0,2.596338,4.548956,0.116344,4.432611
0.890445,0.0,2.570491,4.544973,0.113471,4.431503
0.892946,0.0,2.544902,4.541062,0.110668,4.430395
0.895448,0.0,2.519567,4.537220,0.107934,4.429287
0.897949,0.0,2.494484,4.533446,0.105268,4.428179
0.900450,0.0,2.469652,4.529739,0.102667,4.427071
0.902951,0.0,2.445066,4.526095,0.100131,4.425964
0.905453,0.0,2.420725,4.522515,0.097658,4.424857
0.907954,0.0,2.396626,4.518996,0.095245,4.423751
0.910455,0.0,2.372768,4.515537,0.092893,4.422644
0.912956,0.0,2.349146,4.512136,0.090598,4.421538
0.915458,0.0,2.325760,4.508792,0.088360,4.420432
0.917959,0.0,2.302607,4.505504,0.086177,4.419327
0.920460,0.0,2.279684,4.502270,0.084048,4.418222
0.922961,0.0,2.256990,4.499089,0.081972,4.417117
0.925463,0.0,2.234521,4.495959,0.079947,4.416012
0.927964,0.0,2.212276,4.492880,0.077972,4.414908
0.930465,0.0,2.190253,4.489850,0.076046,4.413803
0.932966,0.0,2.168449,4.486867,0.074168,4.412700
0.935468,0.0,2.146862,4.483932,0.072336,4.411596
0.937969,0.0,2.125489,4.481041,0.070549,4.410493
0.940470,0.0,2.104330,4.478196,0.068806,4.409390
0.942971,0.0,2.083381,4.475393,0.067106,4.408287
0.945473,0.0,2.062641,4.472633,0.065449,4.407184
0.947974,0.0,2.042107,4.469914,0.063832,4.406082
0.950475,0.0,2.021777,4.467235,0.062255,4.404980
0.952976,0.0,2.001650,4.464596,0.060717,4.403879
0.955478,0.0,1.981724,4.461995,0.059218,4.402777
0.957979,0.0,1.961995,4.459431,0.057755,4.401676
0.960480,0.0,1.942463,4.456903,0.056328,4.400575
0.962981,0.0,1.923126,4.454411,0.054937,4.399475
0.965483,0.0,1.903981,4.451954,0.053580,4.398374
0.967984,0.0,1.885027,4.449530,0.052256,4.397274
0.970485,0.0,1.866261,4.447140,0.050965,4.396175
0.972986,0.0,1.847682,4.444781,0.049706,4.395075
0.975488,0.0,1.829288,4.442454,0.048478,4.393976
0.977989,0.0,1.811077,4.440158,0.047281,4.392877
0.980490,0.0,1.793048,4.437891,0.046113,4.391778
0.982991,0.0,1.775198,4.435654,0.044974,4.390680
0.985493,0.0,1.757526,4.433445,0.043863,4.389582
0.987994,0.0,1.740029,4.431264,0.042779,4.388484
0.990495,0.0,1.722707,4.429109,0.041723,4.387387
0.992996,0.0,1.705557,4.426981,0.040692,4.386289
0.995498,0.0,1.688578,4.424879,0.039687,4.385192
0.997999,0.0,1.671768,4.422802,0.038706,4.384096
1.000500,0.0,1.655126,4.420750,0.037750,4.382999
1.003002,0.0,1.638649,4.418721,0.036818,4.381903
1.005503,0.0,1.622336,4.416716,0.035908,4.380807
1.008004,0.0,1.606185,4.414733,0.035021,4.379712
1.010505,0.0,1.590195,4.412772,0.034156,4.378616
1.013007,0.0,1.574365,4.410834,0.033312,4.377521
1.015508,0.0,1.558692,4.408916,0.032490,4.376426
1.018009,0.0,1.543175,4.407019,0.031687,4.375332
1.020510,0.0,1.527812,4.405142,0.030904,4.374238
1.023012,0.0,1.512603,4.403285,0.030141,4.373144
1.025513,0.0,1.497545,4.401446,0.029396,4.372050
1.028014,0.0,1.482636,4.399627,0.028670,4.370957
1.030515,0.0,1.467877,4.397825,0.027962,4.369863
1.033017,0.0,1.453264,4.396042,0.027271,4.368771
1.035518,0.0,1.438796,4.394275,0.026598,4.367678
1.038019,0.0,1.424473,4.392526,0.025940,4.366586
1.040520,0.0,1.410292,4.390793,0.025300,4.365494
1.043022,0.0,1.396253,4.389077,0.024675,4.364402
1.045523,0.0,1.382353,4.387375,0.024065,4.363310
1.048024,0.0,1.368591,4.385690,0.023471,4.362219
1.050525,0.0,1.354967,4.384019,0.022891,4.361128
1.053027,0.0,1.341478,4.382363,0.022326,4.360037
1.055528,0.0,1.328123,4.380721,0.021774,4.358947
1.058029,0.0,1.314902,4.379093,0.021236,4.357857
1.060530,0.0,1.301812,4.377479,0.020712,4.356767
1.063032,0.0,1.288852,4.375877,0.020200,4.355677
1.065533,0.0,1.276021,4.374289,0.019701,4.354588
1.068034,0.0,1.263318,4.372713,0.019214,4.353499
1.070535,0.0,1.250742,4.371150,0.018740,4.352410
1.073037,0.0,1.238291,4.369598,0.018277,4.351322
1.075538,0.0,1.225963,4.368059,0.017825,4.350233
1.078039,0.0,1.213759,4.366530,0.017385,4.349145
1.080540,0.0,1.201676,4.365013,0.016956,4.348058
1.083042,0.0,1.189713,4.363507,0.016537,4.346970
1.085543,0.0,1.177869,4.362011,0.016128,4.345883
1.088044,0.0,1.166143,4.360526,0.015730,4.344796
1.090545,0.0,1.154534,4.359051,0.015341,4.343710
1.093047,0.0,1.143041,4.357586,0.014962,4.342623
1.095548,0.0,1.131661,4.356130,0.014593,4.341537
1.098049,0.0,1.120396,4.354684,0.014232,4.340452
1.100550,0.0,1.109242,4.353247,0.013881,4.339366
1.103052,0.0,1.098199,4.351818,0.013538,4.338281
1.105553,0.0,1.087267,4.350399,0.013203,4.337196
1.108054,0.0,1.076443,4.348988,0.012877,4.336111
1.110555,0.0,1.065727,4.347586,0.012559,4.335027
1.113057,0.0,1.055117,4.346191,0.012249,4.333942
1.115558,0.0,1.044613,4.344805,0.011946,4.332859
1.118059,0.0,1.034214,4.343426,0.011651,4.331775
1.120560,0.0,1.023918,4.342055,0.011363,4.330692
1.123062,0.0,1.013725,4.340691,0.011083,4.329609
1.125563,0.0,1.003633,4.339335,0.010809,4.328526
1.128064,0.0,0.993642,4.337985,0.010542,4.327443
1.130565,0.0,0.983750,4.336642,0.010281,4.326361
1.133067,0.0,0.973957,4.335306,0.010027,4.325279
1.135568,0.0,0.964261,4.333977,0.009780,4.324197
1.138069,0.0,0.954662,4.332654,0.009538,4.323116
1.140570,0.0,0.945158,4.331337,0.009303,4.322035
1.143072,0.0,0.935749,4.330026,0.009073,4.320954
1.145573,0.0,0.926433,4.328722,0.008849,4.319873
1.148074,0.0,0.917211,4.327423,0.008630,4.318793
1.150575,0.0,0.908080,4.326129,0.008417,4.317713
1.153077,0.0,0.899040,4.324842,0.008209,4.316633
1.155578,0.0,0.890090,4.323559,0.008006,4.315553
1.158079,0.0,0.881229,4.322282,0.007808,4.314474
1.160580,0.0,0.872456,4.321010,0.007616,4.313395
1.163082,0.0,0.863770,4.319743,0.007427,4.312316
1.165583,0.0,0.855172,4.318482,0.007244,4.311238
1.168084,0.0,0.846658,4.317224,0.007065,4.310159
1.170585,0.0,0.838230,4.315972,0.006890,4.309081
1.173087,0.0,0.829885,4.314724,0.006720,4.308004
1.175588,0.0,0.821623,4.313481,0.006554,4.306926
1.178089,0.0,0.813444,4.312242,0.006392,4.305849
1.180590,0.0,0.805346,4.311007,0.006234,4.304772
1.183092,0.0,0.797329,4.309776,0.006080,4.303696
1.185593,0.0,0.789391,4.308550,0.005930,4.302619
1.188094,0.0,0.781533,4.307327,0.005784,4.301543
1.190595,0.0,0.773752,4.306108,0.005641,4.300468
1.193097,0.0,0.766050,4.304894,0.005502,4.299392
1.195598,0.0,0.758424,4.303682,0.005366,4.298317
1.198099,0.0,0.750873,4.302475,0.005233,4.297242
1.200600,0.0,0.743398,4.301271,0.005104,4.296167
1.203102,0.0,0.735998,4.300070,0.004978,4.295093
1.205603,0.0,0.728671,4.298873,0.004855,4.294018
1.208104,0.0,0.721417,4.297679,0.004735,4.292945
1.210605,0.0,0.714235,4.296489,0.004618,4.291871
1.213107,0.0,0.707125,4.295301,0.004504,4.290798
1.215608,0.0,0.700085,4.294117,0.004393,4.289724
1.218109,0.0,0.693116,4.292936,0.004284,4.288652
1.220610,0.0,0.686216,4.291757,0.004178,4.287579
1.223112,0.0,0.679384,4.290582,0.004075,4.286507
1.225613,0.0,0.672621,4.289409,0.003974,4.285435
1.228114,0.0,0.665925,4.288239,0.003876,4.284363
1.230615,0.0,0.659296,4.287072,0.003780,4.283291
1.233117,0.0,0.652732,4.285907,0.003687,4.282220
1.235618,0.0,0.646234,4.284745,0.003596,4.281149
1.238119,0.0,0.639801,4.283586,0.003507,4.280079
1.240620,0.0,0.633432,4.282429,0.003421,4.279008
1.243122,0.0,0.627126,4.281274,0.003336,4.277938
1.245623,0.0,0.620883,4.280122,0.003254,4.276868
1.248124,0.0,0.614702,4.278972,0.003173,4.275799
1.250625,0.0,0.608582,4.277824,0.003095,4.274729
1.253127,0.0,0.602524,4.276679,0.003018,4.273660
1.255628,0.0,0.596525,4.275535,0.002944,4.272591
1.258129,0.0,0.590587,4.274394,0.002871,4.271523
1.260630,0.0,0.584708,4.273255,0.002800,4.270454
1.263132,0.0,0.578887,4.272117,0.002731,4.269386
1.265633,0.0,0.573124,4.270982,0.002664,4.268319
1.268134,0.0,0.567418,4.269849,0.002598,4.267251
1.270635,0.0,0.561770,4.268718,0.002534,4.266184
1.273137,0.0,0.556177,4.267588,0.002471,4.265117
1.275638,0.0,0.550640,4.266460,0.002410,4.264050
1.278139,0.0,0.545159,4.265334,0.002350,4.262984
1.280640,0.0,0.539732,4.264210,0.002292,4.261918
1.283142,0.0,0.534358,4.263088,0.002236,4.260852
1.285643,0.0,0.529039,4.261967,0.002181,4.259786
1.288144,0.0,0.523772,4.260848,0.002127,4.258721
1.290645,0.0,0.518558,4.259730,0.002074,4.257656
1.293147,0.0,0.513396,4.258614,0.002023,4.256591
1.295648,0.0,0.508285,4.257499,0.001973,4.255527
1.298149,0.0,0.503225,4.256386,0.001924,4.254462
1.300650,0.0,0.498215,4.255275,0.001877,4.253398
1.303152,0.0,0.493255,4.254165,0.001830,4.252334
1.305653,0.0,0.488345,4.253056,0.001785,4.251271
1.308154,0.0,0.483483,4.251949,0.001741,4.250208
1.310655,0.0,0.478670,4.250843,0.001698,4.249145
1.313157,0.0,0.473905,4.249738,0.001656,4.248082
1.315658,0.0,0.469187,4.248635,0.001615,4.247020
1.318159,0.0,0.464516,4.247533,0.001575,4.245958
1.320660,0.0,0.459892,4.246432,0.001536,4.244896
1.323162,0.0,0.455314,4.245332,0.001498,4.243834
1.325663,0.0,0.450781,4.244234,0.001461,4.242773
1.328164,0.0,0.446294,4.243137,0.001425,4.241712
1.330665,0.0,0.441851,4.242041,0.001390,4.240651
1.333167,0.0,0.437452,4.240946,0.001356,4.239590
1.335668,0.0,0.433097,4.239852,0.001322,4.238530
1.338169,0.0,0.428786,4.238759,0.001290,4.237470
1.340670,0.0,0.424517,4.237668,0.001258,4.236410
1.343172,0.0,0.420291,4.236577,0.001227,4.235351
1.345673,0.0,0.416107,4.235488,0.001196,4.234291
1.348174,0.0,0.411964,4.234399,0.001167,4.233232
1.350675,0.0,0.407863,4.233312,0.001138,4.232174
1.353177,0.0,0.403803,4.232225,0.001110,4.231115
1.355678,0.0,0.399783,4.231140,0.001082,4.230057
1.358179,0.0,0.395803,4.230055,0.001056,4.228999
1.360680,0.0,0.391863,4.228971,0.001030,4.227942
1.363182,0.0,0.387962,4.227888,0.001004,4.226884
1.365683,0.0,0.384100,4.226806,0.000979,4.225827
1.368184,0.0,0.380276,4.225725,0.000955,4.224770
1.370685,0.0,0.376490,4.224645,0.000932,4.223714
1.373187,0.0,0.372742,4.223566,0.000909,4.222657
1.375688,0.0,0.369031,4.222487,0.000886,4.221601
1.378189,0.0,0.365358,4.221410,0.000864,4.220545
1.380690,0.0,0.361721,4.220333,0.000843,4.219490
1.383192,0.0,0.358120,4.219257,0.000822,4.218435
1.385693,0.0,0.354554,4.218181,0.000802,4.217380
1.388194,0.0,0.351025,4.217107,0.000782,4.216325
1.390695,0.0,0.347530,4.216033,0.000763,4.215270
1.393197,0.0,0.344071,4.214960,0.000744,4.214216
1.395698,0.0,0.340645,4.213888,0.000725,4.213162
1.398199,0.0,0.337254,4.212816,0.000708,4.212109
1.400700,0.0,0.333897,4.211745,0.000690,4.211055
1.403202,0.0,0.330573,4.210675,0.000673,4.210002
1.405703,0.0,0.327282,4.209605,0.000656,4.208949
1.408204,0.0,0.324024,4.208537,0.000640,4.207896
1.410705,0.0,0.320798,4.207468,0.000624,4.206844
1.413207,0.0,0.317604,4.206401,0.000609,4.205792
1.415708,0.0,0.314443,4.205334,0.000594,4.204740
1.418209,0.0,0.311312,4.204268,0.000579,4.203689
1.420710,0.0,0.308213,4.203202,0.000565,4.202637
1.423212,0.0,0.305145,4.202137,0.000551,4.201586
1.425713,0.0,0.302107,4.201073,0.000537,4.200535
1.428214,0.0,0.299100,4.200009,0.000524,4.199485
1.430715,0.0,0.296122,4.198946,0.000511,4.198435
1.433217,0.0,0.293174,4.197883,0.000498,4.197385
1.435718,0.0,0.290256,4.196821,0.000486,4.196335
1.438219,0.0,0.287366,4.195760,0.000474,4.195285
1.440720,0.0,0.284505,4.194699,0.000462,4.194236
1.443222,0.0,0.281673,4.193638,0.000451,4.193187
1.445723,0.0,0.278869,4.192578,0.000440,4.192139
1.448224,0.0,0.276093,4.191519,0.000429,4.191090
1.450725,0.0,0.273344,4.190460,0.000418,4.190042
1.453227,0.0,0.270623,4.189402,0.000408,4.188994
1.455728,0.0,0.267929,4.188344,0.000398,4.187946
1.458229,0.0,0.265262,4.187287,0.000388,4.186899
1.460730,0.0,0.262621,4.186231,0.000379,4.185852
1.463232,0.0,0.260007,4.185174,0.000369,4.184805
1.465733,0.0,0.257418,4.184119,0.000360,4.183758
1.468234,0.0,0.254856,4.183063,0.000351,4.182712
1.470735,0.0,0.252318,4.182009,0.000343,4.181666
1.473237,0.0,0.249807,4.180954,0.000334,4.180620
1.475738,0.0,0.247320,4.179901,0.000326,4.179575
1.478239,0.0,0.244858,4.178847,0.000318,4.178529
1.480740,0.0,0.242420,4.177794,0.000310,4.177484
1.483242,0.0,0.240007,4.176742,0.000302,4.176440
1.485743,0.0,0.237617,4.175690,0.000295,4.175395
1.488244,0.0,0.235252,4.174638,0.000288,4.174351
1.490745,0.0,0.232910,4.173587,0.000280,4.173307
1.493247,0.0,0.230591,4.172537,0.000273,4.172263
1.495748,0.0,0.228296,4.171486,0.000267,4.171220
1.498249,0.0,0.226023,4.170437,0.000260,4.170177
1.500750,0.0,0.223773,4.169387,0.000254,4.169134
1.503252,0.0,0.221545,4.168338,0.000247,4.168091
1.505753,0.0,0.219340,4.167290,0.000241,4.167049
1.508254,0.0,0.217156,4.166242,0.000235,4.166006
1.510755,0.0,0.214994,4.165194,0.000230,4.164964
1.513257,0.0,0.212854,4.164147,0.000224,4.163923
1.515758,0.0,0.210735,4.163100,0.000218,4.162881
1.518259,0.0,0.208637,4.162053,0.000213,4.161840
1.520760,0.0,0.206560,4.161007,0.000208,4.160800
1.523262,0.0,0.204504,4.159961,0.000203,4.159759
1.525763,0.0,0.202468,4.158916,0.000198,4.158719
1.528264,0.0,0.200452,4.157871,0.000193,4.157679
1.530765,0.0,0.198457,4.156827,0.000188,4.156639
1.533267,0.0,0.196481,4.155782,0.000183,4.155599
1.535768,0.0,0.194525,4.154739,0.000179,4.154560
1.538269,0.0,0.192589,4.153695,0.000174,4.153521
1.540770,0.0,0.190671,4.152652,0.000170,4.152482
1.543272,0.0,0.188773,4.151609,0.000166,4.151444
1.545773,0.0,0.186894,4.150567,0.000162,4.150405
1.548274,0.0,0.185033,4.149525,0.000158,4.149367
1.550775,0.0,0.183191,4.148483,0.000154,4.148330
1.553277,0.0,0.181368,4.147442,0.000150,4.147292
1.555778,0.0,0.179562,4.146401,0.000146,4.146255
1.558279,0.0,0.177775,4.145361,0.000143,4.145218
1.560780,0.0,0.176005,4.144320,0.000139,4.144181
1.563282,0.0,0.174253,4.143281,0.000136,4.143145
1.565783,0.0,0.172518,4.142241,0.000132,4.142109
1.568284,0.0,0.170801,4.141202,0.000129,4.141073
1.570785,0.0,0.169100,4.140163,0.000126,4.140037
1.573287,0.0,0.167417,4.139125,0.000123,4.139002
1.575788,0.0,0.165750,4.138086,0.000120,4.137967
1.578289,0.0,0.164100,4.137049,0.000117,4.136932
1.580790,0.0,0.162466,4.136011,0.000114,4.135897
1.583292,0.0,0.160849,4.134974,0.000111,4.134863
1.585793,0.0,0.159248,4.133937,0.000108,4.133829
1.588294,0.0,0.157662,4.132900,0.000106,4.132795
1.590795,0.0,0.156093,4.131864,0.000103,4.131761
1.593297,0.0,0.154539,4.130828,0.000101,4.130728
1.595798,0.0,0.153001,4.129793,0.000098,4.129695
1.598299,0.0,0.151477,4.128758,0.000096,4.128662
1.600800,0.0,0.149969,4.127723,0.000093,4.127629
1.603302,0.0,0.148476,4.126688,0.000091,4.126597
1.605803,0.0,0.146998,4.125654,0.000089,4.125565
1.608304,0.0,0.145535,4.124620,0.000087,4.124533
1.610805,0.0,0.144086,4.123586,0.000084,4.123502
1.613307,0.0,0.142652,4.122553,0.000082,4.122470
1.615808,0.0,0.141232,4.121520,0.000080,4.121439
1.618309,0.0,0.139826,4.120487,0.000078,4.120409
1.620810,0.0,0.138434,4.119455,0.000076,4.119378
1.623312,0.0,0.137056,4.118423,0.000074,4.118348
1.625813,0.0,0.135691,4.117391,0.000073,4.117318
1.628314,0.0,0.134340,4.116359,0.000071,4.116288
1.630815,0.0,0.133003,4.115328,0.000069,4.115259
1.633317,0.0,0.131679,4.114297,0.000067,4.114230
1.635818,0.0,0.130368,4.113266,0.000066,4.113201
1.638319,0.0,0.129070,4.112236,0.000064,4.112172
1.640820,0.0,0.127785,4.111206,0.000063,4.111144
1.643322,0.0,0.126513,4.110176,0.000061,4.110115
1.645823,0.0,0.125254,4.109147,0.000059,4.109088
1.648324,0.0,0.124007,4.108118,0.000058,4.108060
1.650825,0.0,0.122772,4.107089,0.000057,4.107032
1.653327,0.0,0.121550,4.106061,0.000055,4.106005
1.655828,0.0,0.120340,4.105032,0.000054,4.104978
1.658329,0.0,0.119142,4.104004,0.000052,4.103952
1.660830,0.0,0.117956,4.102977,0.000051,4.102925
1.663332,0.0,0.116782,4.101949,0.000050,4.101899
1.665833,0.0,0.115619,4.100922,0.000049,4.100873
1.668334,0.0,0.114468,4.099895,0.000047,4.099848
1.670835,0.0,0.113329,4.098869,0.000046,4.098823
1.673337,0.0,0.112200,4.097843,0.000045,4.097797
1.675838,0.0,0.111083,4.096817,0.000044,4.096773
1.678339,0.0,0.109978,4.095791,0.000043,4.095748
1.680840,0.0,0.108883,4.094766,0.000042,4.094724
1.683342,0.0,0.107799,4.093740,0.000041,4.093700
1.685843,0.0,0.106726,4.092716,0.000040,4.092676
1.688344,0.0,0.105663,4.091691,0.000039,4.091652
1.690845,0.0,0.104611,4.090667,0.000038,4.090629
1.693347,0.0,0.103570,4.089643,0.000037,4.089606
1.695848,0.0,0.102539,4.088619,0.000036,4.088583
1.698349,0.0,0.101518,4.087596,0.000035,4.087561
1.700850,0.0,0.100507,4.086573,0.000034,4.086538
1.703352,0.0,0.099507,4.085550,0.000033,4.085516
1.705853,0.0,0.098516,4.084527,0.000033,4.084495
1.708354,0.0,0.097536,4.083505,0.000032,4.083473
1.710855,0.0,0.096565,4.082483,0.000031,4.082452
1.713357,0.0,0.095603,4.081461,0.000030,4.081431
1.715858,0.0,0.094651,4.080440,0.000030,4.080410
1.718359,0.0,0.093709,4.079418,0.000029,4.079390
1.720860,0.0,0.092776,4.078397,0.000028,4.078369
1.723362,0.0,0.091853,4.077377,0.000027,4.077349
1.725863,0.0,0.090938,4.076356,0.000027,4.076330
1.728364,0.0,0.090033,4.075336,0.000026,4.075310
1.730865,0.0,0.089137,4.074316,0.000025,4.074291
1.733367,0.0,0.088249,4.073297,0.000025,4.073272
1.735868,0.0,0.087371,4.072277,0.000024,4.072253
1.738369,0.0,0.086501,4.071258,0.000024,4.071235
1.740870,0.0,0.085640,4.070240,0.000023,4.070217
1.743372,0.0,0.084787,4.069221,0.000022,4.069199
1.745873,0.0,0.083943,4.068203,0.000022,4.068181
1.748374,0.0,0.083108,4.067185,0.000021,4.067164
1.750875,0.0,0.082280,4.066167,0.000021,4.066146
1.753377,0.0,0.081461,4.065150,0.000020,4.065130
1.755878,0.0,0.080650,4.064133,0.000020,4.064113
1.758379,0.0,0.079847,4.063116,0.000019,4.063096
1.760880,0.0,0.079052,4.062099,0.000019,4.062080
1.763382,0.0,0.078265,4.061083,0.000018,4.061064
1.765883,0.0,0.077486,4.060067,0.000018,4.060049
1.768384,0.0,0.076715,4.059051,0.000017,4.059033
1.770885,0.0,0.075951,4.058035,0.000017,4.058018
1.773387,0.0,0.075195,4.057020,0.000017,4.057003
1.775888,0.0,0.074447,4.056005,0.000016,4.055989
1.778389,0.0,0.073705,4.054990,0.000016,4.054974
1.780890,0.0,0.072972,4.053976,0.000015,4.053960
1.783392,0.0,0.072245,4.052961,0.000015,4.052946
1.785893,0.0,0.071526,4.051947,0.000015,4.051933
1.788394,0.0,0.070814,4.050934,0.000014,4.050919
1.790895,0.0,0.070109,4.049920,0.000014,4.049906
1.793397,0.0,0.069411,4.048907,0.000014,4.048893
1.795898,0.0,0.068720,4.047894,0.000013,4.047881
1.798399,0.0,0.068036,4.046881,0.000013,4.046868
1.800900,0.0,0.067359,4.045869,0.000013,4.045856
1.803402,0.0,0.066688,4.044857,0.000012,4.044845
1.805903,0.0,0.066024,4.043845,0.000012,4.043833
1.808404,0.0,0.065367,4.042833,0.000012,4.042822
1.810905,0.0,0.064716,4.041822,0.000011,4.041811
1.813407,0.0,0.064072,4.040811,0.000011,4.040800
1.815908,0.0,0.063434,4.039800,0.000011,4.039789
1.818409,0.0,0.062803,4.038789,0.000011,4.038779
1.820910,0.0,0.062177,4.037779,0.000010,4.037769
1.823412,0.0,0.061558,4.036769,0.000010,4.036759
1.825913,0.0,0.060946,4.035759,0.000010,4.035749
1.828414,0.0,0.060339,4.034750,0.000010,4.034740
1.830915,0.0,0.059738,4.033740,0.000009,4.033731
1.833417,0.0,0.059143,4.032731,0.000009,4.032722
1.835918,0.0,0.058555,4.031722,0.000009,4.031714
1.838419,0.0,0.057972,4.030714,0.000009,4.030705
1.840920,0.0,0.057395,4.029706,0.000008,4.029697
1.843422,0.0,0.056823,4.028698,0.000008,4.028689
1.845923,0.0,0.056258,4.027690,0.000008,4.027682
1.848424,0.0,0.055698,4.026682,0.000008,4.026675
1.850925,0.0,0.055143,4.025675,0.000008,4.025668
1.853427,0.0,0.054594,4.024668,0.000007,4.024661
1.855928,0.0,0.054051,4.023661,0.000007,4.023654
1.858429,0.0,0.053513,4.022655,0.000007,4.022648
1.860930,0.0,0.052980,4.021649,0.000007,4.021642
1.863432,0.0,0.052452,4.020643,0.000007,4.020636
1.865933,0.0,0.051930,4.019637,0.000007,4.019631
1.868434,0.0,0.051413,4.018632,0.000006,4.018625
1.870935,0.0,0.050901,4.017626,0.000006,4.017620
1.873437,0.0,0.050395,4.016622,0.000006,4.016615
1.875938,0.0,0.049893,4.015617,0.000006,4.015611
1.878439,0.0,0.049396,4.014612,0.000006,4.014607
1.880940,0.0,0.048905,4.013608,0.000006,4.013603
1.883442,0.0,0.048418,4.012604,0.000006,4.012599
1.885943,0.0,0.047936,4.011601,0.000005,4.011595
1.888444,0.0,0.047459,4.010597,0.000005,4.010592
1.890945,0.0,0.046986,4.009594,0.000005,4.009589
1.893447,0.0,0.046518,4.008591,0.000005,4.008586
1.895948,0.0,0.046055,4.007589,0.000005,4.007584
1.898449,0.0,0.045597,4.006586,0.000005,4.006581
1.900950,0.0,0.045143,4.005584,0.000005,4.005579
1.903452,0.0,0.044693,4.004582,0.000005,4.004578
1.905953,0.0,0.044248,4.003581,0.000004,4.003576
1.908454,0.0,0.043808,4.002579,0.000004,4.002575
1.910955,0.0,0.043372,4.001578,0.000004,4.001574
1.913457,0.0,0.042940,4.000577,0.000004,4.000573
1.915958,0.0,0.042513,3.999577,0.000004,3.999573
1.918459,0.0,0.042089,3.998576,0.000004,3.998572
1.920960,0.0,0.041670,3.997576,0.000004,3.997572
1.923462,0.0,0.041256,3.996576,0.000004,3.996572
1.925963,0.0,0.040845,3.995577,0.000004,3.995573
1.928464,0.0,0.040438,3.994577,0.000004,3.994574
1.930965,0.0,0.040036,3.993578,0.000003,3.993575
1.933467,0.0,0.039637,3.992579,0.000003,3.992576
1.935968,0.0,0.039243,3.991581,0.000003,3.991577
1.938469,0.0,0.038852,3.990582,0.000003,3.990579
1.940970,0.0,0.038465,3.989584,0.000003,3.989581
1.943472,0.0,0.038082,3.988586,0.000003,3.988583
1.945973,0.0,0.037703,3.987589,0.000003,3.987586
1.948474,0.0,0.037328,3.986591,0.000003,3.986589
1.950975,0.0,0.036956,3.985594,0.000003,3.985592
1.953477,0.0,0.036588,3.984597,0.000003,3.984595
1.955978,0.0,0.036224,3.983601,0.000003,3.983598
1.958479,0.0,0.035863,3.982605,0.000003,3.982602
1.960980,0.0,0.035506,3.981608,0.000003,3.981606
1.963482,0.0,0.035153,3.980613,0.000002,3.980610
1.965983,0.0,0.034803,3.979617,0.000002,3.979615
1.968484,0.0,0.034456,3.978622,0.000002,3.978619
1.970985,0.0,0.034113,3.977627,0.000002,3.977624
1.973487,0.0,0.033774,3.976632,0.000002,3.976630
1.975988,0.0,0.033438,3.975637,0.000002,3.975635
1.978489,0.0,0.033105,3.974643,0.000002,3.974641
1.980990,0.0,0.032775,3.973649,0.000002,3.973647
1.983492,0.0,0.032449,3.972655,0.000002,3.972653
1.985993,0.0,0.032126,3.971661,0.000002,3.971659
1.988494,0.0,0.031806,3.970668,0.000002,3.970666
1.990995,0.0,0.031489,3.969675,0.000002,3.969673
1.993497,0.0,0.031176,3.968682,0.000002,3.968680
1.995998,0.0,0.030866,3.967690,0.000002,3.967688
1.998499,0.0,0.030558,3.966697,0.000002,3.966695
2.001001,0.0,0.030254,3.965705,0.000002,3.965703
2.003502,0.0,0.029953,3.964713,0.000002,3.964712
2.006003,0.0,0.029655,3.963722,0.000002,3.963720
2.008504,0.0,0.029360,3.962730,0.000002,3.962729
2.011006,0.0,0.029067,3.961739,0.000002,3.961738
2.013507,0.0,0.028778,3.960748,0.000002,3.960747
2.016008,0.0,0.028491,3.959758,0.000001,3.959756
2.018509,0.0,0.028208,3.958767,0.000001,3.958766
2.021011,0.0,0.027927,3.957777,0.000001,3.957776
2.023512,0.0,0.027649,3.956787,0.000001,3.956786
2.026013,0.0,0.027374,3.955798,0.000001,3.955797
2.028514,0.0,0.027101,3.954809,0.000001,3.954807
2.031016,0.0,0.026831,3.953819,0.000001,3.953818
2.033517,0.0,0.026564,3.952831,0.000001,3.952829
2.036018,0.0,0.026300,3.951842,0.000001,3.951841
2.038519,0.0,0.026038,3.950854,0.000001,3.950852
2.041021,0.0,0.025779,3.949865,0.000001,3.949864
2.043522,0.0,0.025522,3.948878,0.000001,3.948876
2.046023,0.0,0.025268,3.947890,0.000001,3.947889
2.048524,0.0,0.025017,3.946903,0.000001,3.946902
2.051026,0.0,0.024767,3.945916,0.000001,3.945914
2.053527,0.0,0.024521,3.944929,0.000001,3.944928
2.056028,0.0,0.024277,3.943942,0.000001,3.943941
2.058529,0.0,0.024035,3.942956,0.000001,3.942955
2.061031,0.0,0.023796,3.941969,0.000001,3.941969
2.063532,0.0,0.023559,3.940984,0.000001,3.940983
2.066033,0.0,0.023324,3.939998,0.000001,3.939997
2.068534,0.0,0.023092,3.939013,0.000001,3.939012
2.071036,0.0,0.022862,3.938027,0.000001,3.938027
2.073537,0.0,0.022635,3.937043,0.000001,3.937042
2.076038,0.0,0.022409,3.936058,0.000001,3.936057
2.078539,0.0,0.022186,3.935073,0.000001,3.935073
2.081041,0.0,0.021965,3.934089,0.000001,3.934089
2.083542,0.0,0.021747,3.933105,0.000001,3.933105
2.086043,0.0,0.021530,3.932122,0.000001,3.932121
2.088544,0.0,0.021316,3.931138,0.000001,3.931138
2.091046,0.0,0.021104,3.930155,0.000001,3.930154
2.093547,0.0,0.020894,3.929172,0.000001,3.929172
2.096048,0.0,0.020686,3.928190,0.000001,3.928189
2.098549,0.0,0.020480,3.927207,0.000001,3.927206
2.101051,0.0,0.020276,3.926225,0.000001,3.926224
2.103552,0.0,0.020074,3.925243,0.000001,3.925242
2.106053,0.0,0.019874,3.924261,0.000001,3.924261
2.108554,0.0,0.019676,3.923280,0.000001,3.923279
2.111056,0.0,0.019480,3.922299,0.000001,3.922298
2.113557,0.0,0.019287,3.921318,0.000001,3.921317
2.116058,0.0,0.019095,3.920337,0.000001,3.920336
2.118559,0.0,0.018904,3.919357,0.000001,3.919356
2.121061,0.0,0.018716,3.918376,0.000001,3.918376
2.123562,0.0,0.018530,3.917396,0.000001,3.917396
2.126063,0.0,0.018345,3.916417,0.000000,3.916416
2.128564,0.0,0.018163,3.915437,0.000000,3.915437
2.131066,0.0,0.017982,3.914458,0.000000,3.914457
2.133567,0.0,0.017803,3.913479,0.000000,3.913478
2.136068,0.0,0.017626,3.912500,0.000000,3.912500
2.138569,0.0,0.017450,3.911522,0.000000,3.911521
2.141071,0.0,0.017277,3.910543,0.000000,3.910543
2.143572,0.0,0.017105,3.909565,0.000000,3.909565
2.146073,0.0,0.016934,3.908588,0.000000,3.908587
2.148574,0.0,0.016766,3.907610,0.000000,3.907610
2.151076,0.0,0.016599,3.906633,0.000000,3.906632
2.153577,0.0,0.016434,3.905656,0.000000,3.905655
2.156078,0.0,0.016270,3.904679,0.000000,3.904679
2.158579,0.0,0.016108,3.903702,0.000000,3.903702
2.161081,0.0,0.015948,3.902726,0.000000,3.902726
2.163582,0.0,0.015789,3.901750,0.000000,3.901750
2.166083,0.0,0.015632,3.900774,0.000000,3.900774
2.168584,0.0,0.015476,3.899799,0.000000,3.899798
2.171086,0.0,0.015322,3.898823,0.000000,3.898823
2.173587,0.0,0.015169,3.897848,0.000000,3.897848
2.176088,0.0,0.015018,3.896873,0.000000,3.896873
2.178589,0.0,0.014869,3.895899,0.000000,3.895899
2.181091,0.0,0.014721,3.894925,0.000000,3.894924
2.183592,0.0,0.014574,3.893950,0.000000,3.893950
2.186093,0.0,0.014429,3.892977,0.000000,3.892976
2.188594,0.0,0.014286,3.892003,0.000000,3.892003
2.191096,0.0,0.014143,3.891030,0.000000,3.891029
2.193597,0.0,0.014003,3.890056,0.000000,3.890056
2.196098,0.0,0.013863,3.889084,0.000000,3.889083
2.198599,0.0,0.013725,3.888111,0.000000,3.888111
2.201101,0.0,0.013589,3.887139,0.000000,3.887138
2.203602,0.0,0.013453,3.886166,0.000000,3.886166
2.206103,0.0,0.013319,3.885194,0.000000,3.885194
2.208604,0.0,0.013187,3.884223,0.000000,3.884223
2.211106,0.0,0.013056,3.883251,0.000000,3.883251
2.213607,0.0,0.012926,3.882280,0.000000,3.882280
2.216108,0.0,0.012797,3.881309,0.000000,3.881309
2.218609,0.0,0.012669,3.880339,0.000000,3.880338
2.221111,0.0,0.012543,3.879368,0.000000,3.879368
2.223612,0.0,0.012418,3.878398,0.000000,3.878398
2.226113,0.0,0.012295,3.877428,0.000000,3.877428
2.228614,0.0,0.012172,3.876458,0.000000,3.876458
2.231116,0.0,0.012051,3.875489,0.000000,3.875489
2.233617,0.0,0.011931,3.874519,0.000000,3.874519
2.236118,0.0,0.011813,3.873550,0.000000,3.873550
2.238619,0.0,0.011695,3.872582,0.000000,3.872582
2.241121,0.0,0.011579,3.871613,0.000000,3.871613
2.243622,0.0,0.011463,3.870645,0.000000,3.870645
2.246123,0.0,0.011349,3.869677,0.000000,3.869677
2.248624,0.0,0.011236,3.868709,0.000000,3.868709
2.251126,0.0,0.011124,3.867742,0.000000,3.867741
2.253627,0.0,0.011014,3.866774,0.000000,3.866774
2.256128,0.0,0.010904,3.865807,0.000000,3.865807
2.258629,0.0,0.010795,3.864840,0.000000,3.864840
2.261131,0.0,0.010688,3.863874,0.000000,3.863874
2.263632,0.0,0.010581,3.862907,0.000000,3.862907
2.266133,0.0,0.010476,3.861941,0.000000,3.861941
2.268634,0.0,0.010372,3.860976,0.000000,3.860975
2.271136,0.0,0.010269,3.860010,0.000000,3.860010
2.273637,0.0,0.010166,3.859045,0.000000,3.859044
2.276138,0.0,0.010065,3.858079,0.000000,3.858079
2.278639,0.0,0.009965,3.857115,0.000000,3.857114
2.281141,0.0,0.009866,3.856150,0.000000,3.856150
2.283642,0.0,0.009768,3.855186,0.000000,3.855185
2.286143,0.0,0.009670,3.854221,0.000000,3.854221
2.288644,0.0,0.009574,3.853257,0.000000,3.853257
2.291146,0.0,0.009479,3.852294,0.000000,3.852294
2.293647,0.0,0.009384,3.851330,0.000000,3.851330
2.296148,0.0,0.009291,3.850367,0.000000,3.850367
2.298649,0.0,0.009198,3.849404,0.000000,3.849404
2.301151,0.0,0.009107,3.848441,0.000000,3.848441
2.303652,0.0,0.009016,3.847479,0.000000,3.847479
2.306153,0.0,0.008926,3.846517,0.000000,3.846517
2.308654,0.0,0.008838,3.845555,0.000000,3.845555
2.311156,0.0,0.008750,3.844593,0.000000,3.844593
2.313657,0.0,0.008663,3.843631,0.000000,3.843631
2.316158,0.0,0.008576,3.842670,0.000000,3.842670
2.318659,0.0,0.008491,3.841709,0.000000,3.841709
2.321161,0.0,0.008406,3.840748,0.000000,3.840748
2.323662,0.0,0.008323,3.839788,0.000000,3.839788
2.326163,0.0,0.008240,3.838828,0.000000,3.838827
2.328664,0.0,0.008158,3.837867,0.000000,3.837867
2.331166,0.0,0.008077,3.836908,0.000000,3.836908
2.333667,0.0,0.007996,3.835948,0.000000,3.835948
2.336168,0.0,0.007917,3.834989,0.000000,3.834989
2.338669,0.0,0.007838,3.834030,0.000000,3.834030
2.341171,0.0,0.007760,3.833071,0.000000,3.833071
2.343672,0.0,0.007683,3.832112,0.000000,3.832112
2.346173,0.0,0.007606,3.831154,0.000000,3.831154
2.348674,0.0,0.007530,3.830196,0.000000,3.830196
2.351176,0.0,0.007455,3.829238,0.000000,3.829238
2.353677,0.0,0.007381,3.828280,0.000000,3.828280
2.356178,0.0,0.007308,3.827323,0.000000,3.827323
2.358679,0.0,0.007235,3.826365,0.000000,3.826365
2.361181,0.0,0.007163,3.825408,0.000000,3.825408
2.363682,0.0,0.007092,3.824452,0.000000,3.824452
2.366183,0.0,0.007021,3.823495,0.000000,3.823495
2.368684,0.0,0.006951,3.822539,0.000000,3.822539
2.371186,0.0,0.006882,3.821583,0.000000,3.821583
2.373687,0.0,0.006813,3.820627,0.000000,3.820627
2.376188,0.0,0.006746,3.819672,0.000000,3.819672
2.378689,0.0,0.006678,3.818716,0.000000,3.818716
2.381191,0.0,0.006612,3.817761,0.000000,3.817761
2.383692,0.0,0.006546,3.816807,0.000000,3.816807
2.386193,0.0,0.006481,3.815852,0.000000,3.815852
2.388694,0.0,0.006416,3.814898,0.000000,3.814898
2.391196,0.0,0.006353,3.813944,0.000000,3.813944
2.393697,0.0,0.006289,3.812990,0.000000,3.812990
2.396198,0.0,0.006227,3.812036,0.000000,3.812036
2.398699,0.0,0.006165,3.811083,0.000000,3.811083
2.401201,0.0,0.006103,3.810130,0.000000,3.810130
2.403702,0.0,0.006043,3.809177,0.000000,3.809177
2.406203,0.0,0.005982,3.808224,0.000000,3.808224
2.408704,0.0,0.005923,3.807272,0.000000,3.807272
2.411206,0.0,0.005864,3.806320,0.000000,3.806320
2.413707,0.0,0.005806,3.805368,0.000000,3.805368
2.416208,0.0,0.005748,3.804416,0.000000,3.804416
2.418709,0.0,0.005690,3.803464,0.000000,3.803464
2.421211,0.0,0.005634,3.802513,0.000000,3.802513
2.423712,0.0,0.005578,3.801562,0.000000,3.801562
2.426213,0.0,0.005522,3.800612,0.000000,3.800611
2.428714,0.0,0.005467,3.799661,0.000000,3.799661
2.431216,0.0,0.005413,3.798711,0.000000,3.798711
2.433717,0.0,0.005359,3.797761,0.000000,3.797761
2.436218,0.0,0.005306,3.796811,0.000000,3.796811
2.438719,0.0,0.005253,3.795861,0.000000,3.795861
2.441221,0.0,0.005200,3.794912,0.000000,3.794912
2.443722,0.0,0.005149,3.793963,0.000000,3.793963
2.446223,0.0,0.005097,3.793014,0.000000,3.793014
2.448724,0.0,0.005047,3.792065,0.000000,3.792065
2.451226,0.0,0.004996,3.791117,0.000000,3.791117
2.453727,0.0,0.004947,3.790169,0.000000,3.790169
2.456228,0.0,0.004897,3.789221,0.000000,3.789221
2.458729,0.0,0.004849,3.788273,0.000000,3.788273
2.461231,0.0,0.004800,3.787326,0.000000,3.787326
2.463732,0.0,0.004753,3.786379,0.000000,3.786379
2.466233,0.0,0.004705,3.785432,0.000000,3.785432
2.468734,0.0,0.004659,3.784485,0.000000,3.784485
2.471236,0.0,0.004612,3.783539,0.000000,3.783539
2.473737,0.0,0.004566,3.782592,0.000000,3.782592
2.476238,0.0,0.004521,3.781646,0.000000,3.781646
2.478739,0.0,0.004476,3.780701,0.000000,3.780701
2.481241,0.0,0.004431,3.779755,0.000000,3.779755
2.483742,0.0,0.004387,3.778810,0.000000,3.778810
2.486243,0.0,0.004343,3.777865,0.000000,3.777865
2.488744,0.0,0.004300,3.776920,0.000000,3.776920
2.491246,0.0,0.004257,3.775975,0.000000,3.775975
2.493747,0.0,0.004215,3.775031,0.000000,3.775031
2.496248,0.0,0.004173,3.774087,0.000000,3.774087
2.498749,0.0,0.004131,3.773143,0.000000,3.773143
2.501251,0.0,0.004090,3.772199,0.000000,3.772199
2.503752,0.0,0.004050,3.771256,0.000000,3.771256
2.506253,0.0,0.004009,3.770313,0.000000,3.770313
2.508754,0.0,0.003969,3.769370,0.000000,3.769370
2.511256,0.0,0.003930,3.768427,0.000000,3.768427
2.513757,0.0,0.003891,3.767485,0.000000,3.767485
2.516258,0.0,0.003852,3.766543,0.000000,3.766542
2.518759,0.0,0.003814,3.765601,0.000000,3.765601
2.521261,0.0,0.003776,3.764659,0.000000,3.764659
2.523762,0.0,0.003738,3.763717,0.000000,3.763717
2.526263,0.0,0.003701,3.762776,0.000000,3.762776
2.528764,0.0,0.003664,3.761835,0.000000,3.761835
2.531266,0.0,0.003628,3.760894,0.000000,3.760894
2.533767,0.0,0.003591,3.759954,0.000000,3.759954
2.536268,0.0,0.003556,3.759013,0.000000,3.759013
2.538769,0.0,0.003520,3.758073,0.000000,3.758073
2.541271,0.0,0.003485,3.757133,0.000000,3.757133
2.543772,0.0,0.003451,3.756194,0.000000,3.756194
2.546273,0.0,0.003416,3.755254,0.000000,3.755254
2.548774,0.0,0.003382,3.754315,0.000000,3.754315
2.551276,0.0,0.003349,3.753376,0.000000,3.753376
2.553777,0.0,0.003315,3.752437,0.000000,3.752437
2.556278,0.0,0.003282,3.751499,0.000000,3.751499
2.558779,0.0,0.003250,3.750561,0.000000,3.750561
2.561281,0.0,0.003217,3.749623,0.000000,3.749623
2.563782,0.0,0.003185,3.748685,0.000000,3.748685
2.566283,0.0,0.003153,3.747747,0.000000,3.747747
2.568784,0.0,0.003122,3.746810,0.000000,3.746810
2.571286,0.0,0.003091,3.745873,0.000000,3.745873
2.573787,0.0,0.003060,3.744936,0.000000,3.744936
2.576288,0.0,0.003030,3.744000,0.000000,3.744000
2.578789,0.0,0.003000,3.743063,0.000000,3.743063
2.581291,0.0,0.002970,3.742127,0.000000,3.742127
2.583792,0.0,0.002940,3.741191,0.000000,3.741191
2.586293,0.0,0.002911,3.740256,0.000000,3.740256
2.588794,0.0,0.002882,3.739320,0.000000,3.739320
2.591296,0.0,0.002853,3.738385,0.000000,3.738385
2.593797,0.0,0.002825,3.737450,0.000000,3.737450
2.596298,0.0,0.002797,3.736515,0.000000,3.736515
2.598799,0.0,0.002769,3.735581,0.000000,3.735581
2.601301,0.0,0.002741,3.734647,0.000000,3.734647
2.603802,0.0,0.002714,3.733713,0.000000,3.733713
2.606303,0.0,0.002687,3.732779,0.000000,3.732779
2.608804,0.0,0.002660,3.731845,0.000000,3.731845
2.611306,0.0,0.002634,3.730912,0.000000,3.730912
2.613807,0.0,0.002608,3.729979,0.000000,3.729979
2.616308,0.0,0.002582,3.729046,0.000000,3.729046
2.618809,0.0,0.002556,3.728114,0.000000,3.728114
2.621311,0.0,0.002530,3.727181,0.000000,3.727181
2.623812,0.0,0.002505,3.726249,0.000000,3.726249
2.626313,0.0,0.002480,3.725317,0.000000,3.725317
2.628814,0.0,0.002456,3.724385,0.000000,3.724385
2.631316,0.0,0.002431,3.723454,0.000000,3.723454
2.633817,0.0,0.002407,3.722523,0.000000,3.722523
2.636318,0.0,0.002383,3.721592,0.000000,3.721592
2.638819,0.0,0.002359,3.720661,0.000000,3.720661
2.641321,0.0,0.002336,3.719730,0.000000,3.719730
2.643822,0.0,0.002313,3.718800,0.000000,3.718800
2.646323,0.0,0.002290,3.717870,0.000000,3.717870
2.648824,0.0,0.002267,3.716940,0.000000,3.716940
2.651326,0.0,0.002244,3.716011,0.000000,3.716011
2.653827,0.0,0.002222,3.715081,0.000000,3.715081
2.656328,0.0,0.002200,3.714152,0.000000,3.714152
2.658829,0.0,0.002178,3.713223,0.000000,3.713223
2.661331,0.0,0.002156,3.712295,0.000000,3.712295
2.663832,0.0,0.002135,3.711366,0.000000,3.711366
2.666333,0.0,0.002113,3.710438,0.000000,3.710438
2.668834,0.0,0.002092,3.709510,0.000000,3.709510
2.671336,0.0,0.002072,3.708582,0.000000,3.708582
2.673837,0.0,0.002051,3.707655,0.000000,3.707655
2.676338,0.0,0.002030,3.706728,0.000000,3.706728
2.678839,0.0,0.002010,3.705801,0.000000,3.705801
2.681341,0.0,0.001990,3.704874,0.000000,3.704874
2.683842,0.0,0.001970,3.703947,0.000000,3.703947
2.686343,0.0,0.001951,3.703021,0.000000,3.703021
2.688844,0.0,0.001931,3.702095,0.000000,3.702095
2.691346,0.0,0.001912,3.701169,0.000000,3.701169
2.693847,0.0,0.001893,3.700243,0.000000,3.700243
2.696348,0.0,0.001874,3.699318,0.000000,3.699318
2.698849,0.0,0.001856,3.698393,0.000000,3.698393
2.701351,0.0,0.001837,3.697468,0.000000,3.697468
2.703852,0.0,0.001819,3.696543,0.000000,3.696543
2.706353,0.0,0.001801,3.695619,0.000000,3.695619
2.708854,0.0,0.001783,3.694694,0.000000,3.694694
2.711356,0.0,0.001765,3.693770,0.000000,3.693770
2.713857,0.0,0.001748,3.692847,0.000000,3.692847
2.716358,0.0,0.001730,3.691923,0.000000,3.691923
2.718859,0.0,0.001713,3.691000,0.000000,3.691000
2.721361,0.0,0.001696,3.690077,0.000000,3.690077
2.723862,0.0,0.001679,3.689154,0.000000,3.689154
2.726363,0.0,0.001662,3.688231,0.000000,3.688231
2.728864,0.0,0.001646,3.687309,0.000000,3.687309
2.731366,0.0,0.001629,3.686387,0.000000,3.686387
2.733867,0.0,0.001613,3.685465,0.000000,3.685465
2.736368,0.0,0.001597,3.684543,0.000000,3.684543
2.738869,0.0,0.001581,3.683621,0.000000,3.683621
2.741371,0.0,0.001565,3.682700,0.000000,3.682700
2.743872,0.0,0.001550,3.681779,0.000000,3.681779
2.746373,0.0,0.001534,3.680858,0.000000,3.680858
2.748874,0.0,0.001519,3.679938,0.000000,3.679938
2.751376,0.0,0.001504,3.679017,0.000000,3.679017
2.753877,0.0,0.001489,3.678097,0.000000,3.678097
2.756378,0.0,0.001474,3.677177,0.000000,3.677177
2.758879,0.0,0.001460,3.676258,0.000000,3.676258
2.761381,0.0,0.001445,3.675338,0.000000,3.675338
2.763882,0.0,0.001431,3.674419,0.000000,3.674419
2.766383,0.0,0.001416,3.673500,0.000000,3.673500
2.768884,0.0,0.001402,3.672582,0.000000,3.672582
2.771386,0.0,0.001388,3.671663,0.000000,3.671663
2.773887,0.0,0.001374,3.670745,0.000000,3.670745
2.776388,0.0,0.001361,3.669827,0.000000,3.669827
2.778889,0.0,0.001347,3.668909,0.000000,3.668909
2.781391,0.0,0.001334,3.667991,0.000000,3.667991
2.783892,0.0,0.001321,3.667074,0.000000,3.667074
2.786393,0.0,0.001307,3.666157,0.000000,3.666157
2.788894,0.0,0.001294,3.665240,0.000000,3.665240
2.791396,0.0,0.001282,3.664323,0.000000,3.664323
2.793897,0.0,0.001269,3.663407,0.000000,3.663407
2.796398,0.0,0.001256,3.662491,0.000000,3.662491
2.798899,0.0,0.001244,3.661575,0.000000,3.661575
2.801401,0.0,0.001231,3.660659,0.000000,3.660659
2.803902,0.0,0.001219,3.659744,0.000000,3.659744
2.806403,0.0,0.001207,3.658828,0.000000,3.658828
2.808904,0.0,0.001195,3.657913,0.000000,3.657913
2.811406,0.0,0.001183,3.656998,0.000000,3.656998
2.813907,0.0,0.001171,3.656084,0.000000,3.656084
2.816408,0.0,0.001160,3.655169,0.000000,3.655169
2.818909,0.0,0.001148,3.654255,0.000000,3.654255
2.821411,0.0,0.001137,3.653341,0.000000,3.653341
2.823912,0.0,0.001125,3.652428,0.000000,3.652428
2.826413,0.0,0.001114,3.651514,0.000000,3.651514
2.828914,0.0,0.001103,3.650601,0.000000,3.650601
2.831416,0.0,0.001092,3.649688,0.000000,3.649688
2.833917,0.0,0.001081,3.648775,0.000000,3.648775
2.836418,0.0,0.001070,3.647863,0.000000,3.647863
2.838919,0.0,0.001060,3.646950,0.000000,3.646950
2.841421,0.0,0.001049,3.646038,0.000000,3.646038
2.843922,0.0,0.001039,3.645127,0.000000,3.645127
2.846423,0.0,0.001028,3.644215,0.000000,3.644215
2.848924,0.0,0.001018,3.643304,0.000000,3.643304
2.851426,0.0,0.001008,3.642392,0.000000,3.642392
2.853927,0.0,0.000998,3.641481,0.000000,3.641481
2.856428,0.0,0.000988,3.640571,0.000000,3.640571
2.858929,0.0,0.000978,3.639660,0.000000,3.639660
2.861431,0.0,0.000968,3.638750,0.000000,3.638750
2.863932,0.0,0.000959,3.637840,0.000000,3.637840
2.866433,0.0,0.000949,3.636930,0.000000,3.636930
2.868934,0.0,0.000940,3.636021,0.000000,3.636021
2.871436,0.0,0.000930,3.635111,0.000000,3.635111
2.873937,0.0,0.000921,3.634202,0.000000,3.634202
2.876438,0.0,0.000912,3.633293,0.000000,3.633293
2.878939,0.0,0.000903,3.632385,0.000000,3.632385
2.881441,0.0,0.000894,3.631476,0.000000,3.631476
2.883942,0.0,0.000885,3.630568,0.000000,3.630568
2.886443,0.0,0.000876,3.629660,0.000000,3.629660
2.888944,0.0,0.000867,3.628752,0.000000,3.628752
2.891446,0.0,0.000859,3.627845,0.000000,3.627845
2.893947,0.0,0.000850,3.626937,0.000000,3.626937
2.896448,0.0,0.000842,3.626030,0.000000,3.626030
2.898949,0.0,0.000833,3.625123,0.000000,3.625123
2.901451,0.0,0.000825,3.624217,0.000000,3.624217
2.903952,0.0,0.000817,3.623310,0.000000,3.623310
2.906453,0.0,0.000809,3.622404,0.000000,3.622404
2.908954,0.0,0.000801,3.621498,0.000000,3.621498
2.911456,0.0,0.000793,3.620593,0.000000,3.620593
2.913957,0.0,0.000785,3.619687,0.000000,3.619687
2.916458,0.0,0.000777,3.618782,0.000000,3.618782
2.918959,0.0,0.000769,3.617877,0.000000,3.617877
2.921461,0.0,0.000762,3.616972,0.000000,3.616972
2.923962,0.0,0.000754,3.616067,0.000000,3.616067
2.926463,0.0,0.000747,3.615163,0.000000,3.615163
2.928964,0.0,0.000739,3.614259,0.000000,3.614259
2.931466,0.0,0.000732,3.613355,0.000000,3.613355
2.933967,0.0,0.000725,3.612451,0.000000,3.612451
2.936468,0.0,0.000717,3.611548,0.000000,3.611548
2.938969,0.0,0.000710,3.610645,0.000000,3.610645
2.941471,0.0,0.000703,3.609742,0.000000,3.609742
2.943972,0.0,0.000696,3.608839,0.000000,3.608839
2.946473,0.0,0.000689,3.607936,0.000000,3.607936
2.948974,0.0,0.000682,3.607034,0.000000,3.607034
2.951476,0.0,0.000676,3.606132,0.000000,3.606132
2.953977,0.0,0.000669,3.605230,0.000000,3.605230
2.956478,0.0,0.000662,3.604328,0.000000,3.604328
2.958979,0.0,0.000656,3.603427,0.000000,3.603427
2.961481,0.0,0.000649,3.602526,0.000000,3.602526
2.963982,0.0,0.000643,3.601625,0.000000,3.601625
2.966483,0.0,0.000636,3.600724,0.000000,3.600724
2.968984,0.0,0.000630,3.599824,0.000000,3.599824
2.971486,0.0,0.000624,3.598923,0.000000,3.598923
2.973987,0.0,0.000617,3.598023,0.000000,3.598023
2.976488,0.0,0.000611,3.597123,0.000000,3.597123
2.978989,0.0,0.000605,3.596224,0.000000,3.596224
2.981491,0.0,0.000599,3.595324,0.000000,3.595324
2.983992,0.0,0.000593,3.594425,0.000000,3.594425
2.986493,0.0,0.000587,3.593526,0.000000,3.593526
2.988994,0.0,0.000581,3.592628,0.000000,3.592628
2.991496,0.0,0.000576,3.591729,0.000000,3.591729
2.993997,0.0,0.000570,3.590831,0.000000,3.590831
2.996498,0.0,0.000564,3.589933,0.000000,3.589933
2.998999,0.0,0.000559,3.589035,0.000000,3.589035
3.001501,0.0,0.000553,3.588137,0.000000,3.588137
3.004002,0.0,0.000548,3.587240,0.000000,3.587240
3.006503,0.0,0.000542,3.586343,0.000000,3.586343
3.009005,0.0,0.000537,3.585446,0.000000,3.585446
3.011506,0.0,0.000531,3.584549,0.000000,3.584549
3.014007,0.0,0.000526,3.583653,0.000000,3.583653
3.016508,0.0,0.000521,3.582756,0.000000,3.582756
3.019010,0.0,0.000516,3.581860,0.000000,3.581860
3.021511,0.0,0.000510,3.580965,0.000000,3.580965
3.024012,0.0,0.000505,3.580069,0.000000,3.580069
3.026513,0.0,0.000500,3.579174,0.000000,3.579174
3.029015,0.0,0.000495,3.578279,0.000000,3.578279
3.031516,0.0,0.000490,3.577384,0.000000,3.577384
3.034017,0.0,0.000486,3.576489,0.000000,3.576489
3.036518,0.0,0.000481,3.575595,0.000000,3.575595
3.039020,0.0,0.000476,3.574700,0.000000,3.574700
3.041521,0.0,0.000471,3.573806,0.000000,3.573806
3.044022,0.0,0.000467,3.572912,0.000000,3.572912
3.046523,0.0,0.000462,3.572019,0.000000,3.572019
3.049025,0.0,0.000457,3.571126,0.000000,3.571126
3.051526,0.0,0.000453,3.570232,0.000000,3.570232
3.054027,0.0,0.000448,3.569340,0.000000,3.569340
3.056528,0.0,0.000444,3.568447,0.000000,3.568447
3.059030,0.0,0.000439,3.567554,0.000000,3.567554
3.061531,0.0,0.000435,3.566662,0.000000,3.566662
3.064032,0.0,0.000431,3.565770,0.000000,3.565770
3.066533,0.0,0.000426,3.564878,0.000000,3.564878
3.069035,0.0,0.000422,3.563987,0.000000,3.563987
3.071536,0.0,0.000418,3.563096,0.000000,3.563096
3.074037,0.0,0.000414,3.562204,0.000000,3.562204
3.076538,0.0,0.000410,3.561314,0.000000,3.561314
3.079040,0.0,0.000406,3.560423,0.000000,3.560423
3.081541,0.0,0.000402,3.559532,0.000000,3.559532
3.084042,0.0,0.000398,3.558642,0.000000,3.558642
3.086543,0.0,0.000394,3.557752,0.000000,3.557752
3.089045,0.0,0.000390,3.556862,0.000000,3.556862
3.091546,0.0,0.000386,3.555973,0.000000,3.555973
3.094047,0.0,0.000382,3.555084,0.000000,3.555084
3.096548,0.0,0.000378,3.554195,0.000000,3.554195
3.099050,0.0,0.000374,3.553306,0.000000,3.553306
3.101551,0.0,0.000371,3.552417,0.000000,3.552417
3.104052,0.0,0.000367,3.551529,0.000000,3.551529
3.106553,0.0,0.000363,3.550640,0.000000,3.550640
3.109055,0.0,0.000360,3.549752,0.000000,3.549752
3.111556,0.0,0.000356,3.548865,0.000000,3.548865
3.114057,0.0,0.000353,3.547977,0.000000,3.547977
3.116558,0.0,0.000349,3.547090,0.000000,3.547090
3.119060,0.0,0.000346,3.546203,0.000000,3.546203
3.121561,0.0,0.000342,3.545316,0.000000,3.545316
3.124062,0.0,0.000339,3.544429,0.000000,3.544429
3.126563,0.0,0.000335,3.543543,0.000000,3.543543
3.129065,0.0,0.000332,3.542656,0.000000,3.542656
3.131566,0.0,0.000329,3.541770,0.000000,3.541770
3.134067,0.0,0.000325,3.540885,0.000000,3.540885
3.136568,0.0,0.000322,3.539999,0.000000,3.539999
3.139070,0.0,0.000319,3.539114,0.000000,3.539114
3.141571,0.0,0.000316,3.538229,0.000000,3.538229
3.144072,0.0,0.000313,3.537344,0.000000,3.537344
3.146573,0.0,0.000310,3.536459,0.000000,3.536459
3.149075,0.0,0.000306,3.535575,0.000000,3.535575
3.151576,0.0,0.000303,3.534690,0.000000,3.534690
3.154077,0.0,0.000300,3.533806,0.000000,3.533806
3.156578,0.0,0.000297,3.532923,0.000000,3.532923
3.159080,0.0,0.000294,3.532039,0.000000,3.532039
3.161581,0.0,0.000292,3.531156,0.000000,3.531156
3.164082,0.0,0.000289,3.530273,0.000000,3.530273
3.166583,0.0,0.000286,3.529390,0.000000,3.529390
3.169085,0.0,0.000283,3.528507,0.000000,3.528507
3.171586,0.0,0.000280,3.527625,0.000000,3.527625
3.174087,0.0,0.000277,3.526742,0.000000,3.526742
3.176588,0.0,0.000275,3.525860,0.000000,3.525860
3.179090,0.0,0.000272,3.524978,0.000000,3.524978
3.181591,0.0,0.000269,3.524097,0.000000,3.524097
3.184092,0.0,0.000266,3.523216,0.000000,3.523216
3.186593,0.0,0.000264,3.522334,0.000000,3.522334
3.189095,0.0,0.000261,3.521453,0.000000,3.521453
3.191596,0.0,0.000259,3.520573,0.000000,3.520573
3.194097,0.0,0.000256,3.519692,0.000000,3.519692
3.196598,0.0,0.000253,3.518812,0.000000,3.518812
3.199100,0.0,0.000251,3.517932,0.000000,3.517932
3.201601,0.0,0.000248,3.517052,0.000000,3.517052
3.204102,0.0,0.000246,3.516173,0.000000,3.516173
3.206603,0.0,0.000243,3.515293,0.000000,3.515293
3.209105,0.0,0.000241,3.514414,0.000000,3.514414
3.211606,0.0,0.000239,3.513535,0.000000,3.513535
3.214107,0.0,0.000236,3.512656,0.000000,3.512656
3.216608,0.0,0.000234,3.511778,0.000000,3.511778
3.219110,0.0,0.000232,3.510900,0.000000,3.510900
3.221611,0.0,0.000229,3.510022,0.000000,3.510022
3.224112,0.0,0.000227,3.509144,0.000000,3.509144
3.226613,0.0,0.000225,3.508266,0.000000,3.508266
3.229115,0.0,0.000223,3.507389,0.000000,3.507389
3.231616,0.0,0.000220,3.506512,0.000000,3.506512
3.234117,0.0,0.000218,3.505635,0.000000,3.505635
3.236618,0.0,0.000216,3.504758,0.000000,3.504758
3.239120,0.0,0.000214,3.503881,0.000000,3.503881
3.241621,0.0,0.000212,3.503005,0.000000,3.503005
3.244122,0.0,0.000210,3.502129,0.000000,3.502129
3.246623,0.0,0.000207,3.501253,0.000000,3.501253
3.249125,0.0,0.000205,3.500378,0.000000,3.500378
3.251626,0.0,0.000203,3.499502,0.000000,3.499502
3.254127,0.0,0.000201,3.498627,0.000000,3.498627
3.256628,0.0,0.000199,3.497752,0.000000,3.497752
3.259130,0.0,0.000197,3.496877,0.000000,3.496877
3.261631,0.0,0.000195,3.496003,0.000000,3.496003
3.264132,0.0,0.000193,3.495128,0.000000,3.495128
3.266633,0.0,0.000191,3.494254,0.000000,3.494254
3.269135,0.0,0.000190,3.493380,0.000000,3.493380
3.271636,0.0,0.000188,3.492507,0.000000,3.492507
3.274137,0.0,0.000186,3.491633,0.000000,3.491633
3.276638,0.0,0.000184,3.490760,0.000000,3.490760
3.279140,0.0,0.000182,3.489887,0.000000,3.489887
3.281641,0.0,0.000180,3.489014,0.000000,3.489014
3.284142,0.0,0.000179,3.488142,0.000000,3.488142
3.286643,0.0,0.000177,3.487269,0.000000,3.487269
3.289145,0.0,0.000175,3.486397,0.000000,3.486397
3.291646,0.0,0.000173,3.485525,0.000000,3.485525
3.294147,0.0,0.000172,3.484653,0.000000,3.484653
3.296648,0.0,0.000170,3.483782,0.000000,3.483782
3.299150,0.0,0.000168,3.482911,0.000000,3.482911
3.301651,0.0,0.000166,3.482040,0.000000,3.482040
3.304152,0.0,0.000165,3.481169,0.000000,3.481169
3.306653,0.0,0.000163,3.480298,0.000000,3.480298
3.309155,0.0,0.000162,3.479428,0.000000,3.479428
3.311656,0.0,0.000160,3.478558,0.000000,3.478558
3.314157,0.0,0.000158,3.477688,0.000000,3.477688
3.316658,0.0,0.000157,3.476818,0.000000,3.476818
3.319160,0.0,0.000155,3.475948,0.000000,3.475948
3.321661,0.0,0.000154,3.475079,0.000000,3.475079
3.324162,0.0,0.000152,3.474210,0.000000,3.474210
3.326663,0.0,0.000151,3.473341,0.000000,3.473341
3.329165,0.0,0.000149,3.472472,0.000000,3.472472
3.331666,0.0,0.000148,3.471604,0.000000,3.471604
3.334167,0.0,0.000146,3.470736,0.000000,3.470736
3.336668,0.0,0.000145,3.469868,0.000000,3.469868
3.339170,0.0,0.000143,3.469000,0.000000,3.469000
3.341671,0.0,0.000142,3.468132,0.000000,3.468132
3.344172,0.0,0.000140,3.467265,0.000000,3.467265
3.346673,0.0,0.000139,3.466398,0.000000,3.466398
3.349175,0.0,0.000138,3.465531,0.000000,3.465531
3.351676,0.0,0.000136,3.464664,0.000000,3.464664
3.354177,0.0,0.000135,3.463798,0.000000,3.463798
3.356678,0.0,0.000134,3.462931,0.000000,3.462931
3.359180,0.0,0.000132,3.462065,0.000000,3.462065
3.361681,0.0,0.000131,3.461199,0.000000,3.461199
3.364182,0.0,0.000130,3.460334,0.000000,3.460334
3.366683,0.0,0.000128,3.459468,0.000000,3.459468
3.369185,0.0,0.000127,3.458603,0.000000,3.458603
3.371686,0.0,0.000126,3.457738,0.000000,3.457738
3.374187,0.0,0.000125,3.456874,0.000000,3.456874
3.376688,0.0,0.000123,3.456009,0.000000,3.456009
3.379190,0.0,0.000122,3.455145,0.000000,3.455145
3.381691,0.0,0.000121,3.454281,0.000000,3.454281
3.384192,0.0,0.000120,3.453417,0.000000,3.453417
3.386693,0.0,0.000118,3.452553,0.000000,3.452553
3.389195,0.0,0.000117,3.451690,0.000000,3.451690
3.391696,0.0,0.000116,3.450826,0.000000,3.450826
3.394197,0.0,0.000115,3.449963,0.000000,3.449963
3.396698,0.0,0.000114,3.449100,0.000000,3.449100
3.399200,0.0,0.000113,3.448238,0.000000,3.448238
3.401701,0.0,0.000112,3.447375,0.000000,3.447375
3.404202,0.0,0.000110,3.446513,0.000000,3.446513
3.406703,0.0,0.000109,3.445651,0.000000,3.445651
3.409205,0.0,0.000108,3.444790,0.000000,3.444790
3.411706,0.0,0.000107,3.443928,0.000000,3.443928
3.414207,0.0,0.000106,3.443067,0.000000,3.443067
3.416708,0.0,0.000105,3.442206,0.000000,3.442206
3.419210,0.0,0.000104,3.441345,0.000000,3.441345
3.421711,0.0,0.000103,3.440484,0.000000,3.440484
3.424212,0.0,0.000102,3.439624,0.000000,3.439624
3.426713,0.0,0.000101,3.438763,0.000000,3.438763
3.429215,0.0,0.000100,3.437903,0.000000,3.437903
3.431716,0.0,0.000099,3.437044,0.000000,3.437044
3.434217,0.0,0.000098,3.436184,0.000000,3.436184
3.436718,0.0,0.000097,3.435325,0.000000,3.435325
3.439220,0.0,0.000096,3.434466,0.000000,3.434466
3.441721,0.0,0.000095,3.433607,0.000000,3.433607
3.444222,0.0,0.000094,3.432748,0.000000,3.432748
3.446723,0.0,0.000093,3.431889,0.000000,3.431889
3.449225,0.0,0.000092,3.431031,0.000000,3.431031
3.451726,0.0,0.000091,3.430173,0.000000,3.430173
3.454227,0.0,0.000090,3.429315,0.000000,3.429315
3.456728,0.0,0.000090,3.428457,0.000000,3.428457
3.459230,0.0,0.000089,3.427600,0.000000,3.427600
3.461731,0.0,0.000088,3.426743,0.000000,3.426743
3.464232,0.0,0.000087,3.425886,0.000000,3.425886
3.466733,0.0,0.000086,3.425029,0.000000,3.425029
3.469235,0.0,0.000085,3.424172,0.000000,3.424172
3.471736,0.0,0.000084,3.423316,0.000000,3.423316
3.474237,0.0,0.000083,3.422460,0.000000,3.422460
3.476738,0.0,0.000083,3.421604,0.000000,3.421604
3.479240,0.0,0.000082,3.420748,0.000000,3.420748
3.481741,0.0,0.000081,3.419893,0.000000,3.419893
3.484242,0.0,0.000080,3.419037,0.000000,3.419037
3.486743,0.0,0.000079,3.418182,0.000000,3.418182
3.489245,0.0,0.000079,3.417328,0.000000,3.417328
3.491746,0.0,0.000078,3.416473,0.000000,3.416473
3.494247,0.0,0.000077,3.415618,0.000000,3.415618
3.496748,0.0,0.000076,3.414764,0.000000,3.414764
3.499250,0.0,0.000076,3.413910,0.000000,3.413910
3.501751,0.0,0.000075,3.413056,0.000000,3.413056
3.504252,0.0,0.000074,3.412203,0.000000,3.412203
3.506753,0.0,0.000073,3.411349,0.000000,3.411349
3.509255,0.0,0.000073,3.410496,0.000000,3.410496
3.511756,0.0,0.000072,3.409643,0.000000,3.409643
3.514257,0.0,0.000071,3.408791,0.000000,3.408791
3.516758,0.0,0.000070,3.407938,0.000000,3.407938
3.519260,0.0,0.000070,3.407086,0.000000,3.407086
3.521761,0.0,0.000069,3.406234,0.000000,3.406234
3.524262,0.0,0.000068,3.405382,0.000000,3.405382
3.526763,0.0,0.000068,3.404530,0.000000,3.404530
3.529265,0.0,0.000067,3.403679,0.000000,3.403679
3.531766,0.0,0.000066,3.402827,0.000000,3.402827
3.534267,0.0,0.000066,3.401976,0.000000,3.401976
3.536768,0.0,0.000065,3.401126,0.000000,3.401126
3.539270,0.0,0.000064,3.400275,0.000000,3.400275
3.541771,0.0,0.000064,3.399425,0.000000,3.399425
3.544272,0.0,0.000063,3.398574,0.000000,3.398574
3.546773,0.0,0.000062,3.397725,0.000000,3.397725
3.549275,0.0,0.000062,3.396875,0.000000,3.396875
3.551776,0.0,0.000061,3.396025,0.000000,3.396025
3.554277,0.0,0.000061,3.395176,0.000000,3.395176
3.556778,0.0,0.000060,3.394327,0.000000,3.394327
3.559280,0.0,0.000059,3.393478,0.000000,3.393478
3.561781,0.0,0.000059,3.392629,0.000000,3.392629
3.564282,0.0,0.000058,3.391781,0.000000,3.391781
3.566783,0.0,0.000058,3.390932,0.000000,3.390932
3.569285,0.0,0.000057,3.390084,0.000000,3.390084
3.571786,0.0,0.000057,3.389237,0.000000,3.389237
3.574287,0.0,0.000056,3.388389,0.000000,3.388389
3.576788,0.0,0.000055,3.387542,0.000000,3.387542
3.579290,0.0,0.000055,3.386694,0.000000,3.386694
3.581791,0.0,0.000054,3.385847,0.000000,3.385847
3.584292,0.0,0.000054,3.385001,0.000000,3.385001
3.586793,0.0,0.000053,3.384154,0.000000,3.384154
3.589295,0.0,0.000053,3.383308,0.000000,3.383308
3.591796,0.0,0.000052,3.382461,0.000000,3.382461
3.594297,0.0,0.000052,3.381616,0.000000,3.381616
3.596798,0.0,0.000051,3.380770,0.000000,3.380770
3.599300,0.0,0.000051,3.379924,0.000000,3.379924
3.601801,0.0,0.000050,3.379079,0.000000,3.379079
3.604302,0.0,0.000050,3.378234,0.000000,3.378234
3.606803,0.0,0.000049,3.377389,0.000000,3.377389
3.609305,0.0,0.000049,3.376544,0.000000,3.376544
3.611806,0.0,0.000048,3.375700,0.000000,3.375700
3.614307,0.0,0.000048,3.374856,0.000000,3.374856
3.616808,0.0,0.000047,3.374012,0.000000,3.374012
3.619310,0.0,0.000047,3.373168,0.000000,3.373168
3.621811,0.0,0.000046,3.372324,0.000000,3.372324
3.624312,0.0,0.000046,3.371481,0.000000,3.371481
3.626813,0.0,0.000045,3.370638,0.000000,3.370638
3.629315,0.0,0.000045,3.369795,0.000000,3.369795
3.631816,0.0,0.000044,3.368952,0.000000,3.368952
3.634317,0.0,0.000044,3.368109,0.000000,3.368109
3.636818,0.0,0.000044,3.367267,0.000000,3.367267
3.639320,0.0,0.000043,3.366425,0.000000,3.366425
3.641821,0.0,0.000043,3.365583,0.000000,3.365583
3.644322,0.0,0.000042,3.364741,0.000000,3.364741
3.646823,0.0,0.000042,3.363900,0.000000,3.363900
3.649325,0.0,0.000041,3.363058,0.000000,3.363058
3.651826,0.0,0.000041,3.362217,0.000000,3.362217
3.654327,0.0,0.000041,3.361377,0.000000,3.361377
3.656828,0.0,0.000040,3.360536,0.000000,3.360536
3.659330,0.0,0.000040,3.359695,0.000000,3.359695
3.661831,0.0,0.000039,3.358855,0.000000,3.358855
3.664332,0.0,0.000039,3.358015,0.000000,3.358015
3.666833,0.0,0.000039,3.357175,0.000000,3.357175
3.669335,0.0,0.000038,3.356336,0.000000,3.356336
3.671836,0.0,0.000038,3.355496,0.000000,3.355496
3.674337,0.0,0.000037,3.354657,0.000000,3.354657
3.676838,0.0,0.000037,3.353818,0.000000,3.353818
3.679340,0.0,0.000037,3.352979,0.000000,3.352979
3.681841,0.0,0.000036,3.352141,0.000000,3.352141
3.684342,0.0,0.000036,3.351302,0.000000,3.351302
3.686843,0.0,0.000036,3.350464,0.000000,3.350464
3.689345,0.0,0.000035,3.349626,0.000000,3.349626
3.691846,0.0,0.000035,3.348789,0.000000,3.348789
3.694347,0.0,0.000035,3.347951,0.000000,3.347951
3.696848,0.0,0.000034,3.347114,0.000000,3.347114
3.699350,0.0,0.000034,3.346277,0.000000,3.346277
3.701851,0.0,0.000034,3.345440,0.000000,3.345440
3.704352,0.0,0.000033,3.344603,0.000000,3.344603
3.706853,0.0,0.000033,3.343767,0.000000,3.343767
3.709355,0.0,0.000033,3.342930,0.000000,3.342930
3.711856,0.0,0.000032,3.342094,0.000000,3.342094
3.714357,0.0,0.000032,3.341259,0.000000,3.341259
3.716858,0.0,0.000032,3.340423,0.000000,3.340423
3.719360,0.0,0.000031,3.339588,0.000000,3.339588
3.721861,0.0,0.000031,3.338752,0.000000,3.338752
3.724362,0.0,0.000031,3.337917,0.000000,3.337917
3.726863,0.0,0.000030,3.337083,0.000000,3.337083
3.729365,0.0,0.000030,3.336248,0.000000,3.336248
3.731866,0.0,0.000030,3.335414,0.000000,3.335414
3.734367,0.0,0.000029,3.334579,0.000000,3.334579
3.736868,0.0,0.000029,3.333745,0.000000,3.333745
3.739370,0.0,0.000029,3.332912,0.000000,3.332912
3.741871,0.0,0.000029,3.332078,0.000000,3.332078
3.744372,0.0,0.000028,3.331245,0.000000,3.331245
3.746873,0.0,0.000028,3.330412,0.000000,3.330412
3.749375,0.0,0.000028,3.329579,0.000000,3.329579
3.751876,0.0,0.000027,3.328746,0.000000,3.328746
3.754377,0.0,0.000027,3.327914,0.000000,3.327914
3.756878,0.0,0.000027,3.327081,0.000000,3.327081
3.759380,0.0,0.000027,3.326249,0.000000,3.326249
3.761881,0.0,0.000026,3.325417,0.000000,3.325417
3.764382,0.0,0.000026,3.324586,0.000000,3.324586
3.766883,0.0,0.000026,3.323754,0.000000,3.323754
3.769385,0.0,0.000026,3.322923,0.000000,3.322923
3.771886,0.0,0.000025,3.322092,0.000000,3.322092
3.774387,0.0,0.000025,3.321261,0.000000,3.321261
3.776888,0.0,0.000025,3.320430,0.000000,3.320430
3.779390,0.0,0.000025,3.319600,0.000000,3.319600
3.781891,0.0,0.000024,3.318770,0.000000,3.318770
3.784392,0.0,0.000024,3.317940,0.000000,3.317940
3.786893,0.0,0.000024,3.317110,0.000000,3.317110
3.789395,0.0,0.000024,3.316280,0.000000,3.316280
3.791896,0.0,0.000023,3.315451,0.000000,3.315451
3.794397,0.0,0.000023,3.314622,0.000000,3.314622
3.796898,0.0,0.000023,3.313793,0.000000,3.313793
3.799400,0.0,0.000023,3.312964,0.000000,3.312964
3.801901,0.0,0.000023,3.312136,0.000000,3.312136
3.804402,0.0,0.000022,3.311307,0.000000,3.311307
3.806903,0.0,0.000022,3.310479,0.000000,3.310479
3.809405,0.0,0.000022,3.309651,0.000000,3.309651
3.811906,0.0,0.000022,3.308824,0.000000,3.308824
3.814407,0.0,0.000021,3.307996,0.000000,3.307996
3.816908,0.0,0.000021,3.307169,0.000000,3.307169
3.819410,0.0,0.000021,3.306342,0.000000,3.306342
3.821911,0.0,0.000021,3.305515,0.000000,3.305515
3.824412,0.0,0.000021,3.304688,0.000000,3.304688
3.826913,0.0,0.000020,3.303862,0.000000,3.303862
3.829415,0.0,0.000020,3.303035,0.000000,3.303035
3.831916,0.0,0.000020,3.302209,0.000000,3.302209
3.834417,0.0,0.000020,3.301383,0.000000,3.301383
3.836918,0.0,0.000020,3.300558,0.000000,3.300558
3.839420,0.0,0.000019,3.299732,0.000000,3.299732
3.841921,0.0,0.000019,3.298907,0.000000,3.298907
3.844422,0.0,0.000019,3.298082,0.000000,3.298082
3.846923,0.0,0.000019,3.297257,0.000000,3.297257
3.849425,0.0,0.000019,3.296432,0.000000,3.296432
3.851926,0.0,0.000018,3.295608,0.000000,3.295608
3.854427,0.0,0.000018,3.294784,0.000000,3.294784
3.856928,0.0,0.000018,3.293960,0.000000,3.293960
3.859430,0.0,0.000018,3.293136,0.000000,3.293136
3.861931,0.0,0.000018,3.292312,0.000000,3.292312
3.864432,0.0,0.000018,3.291489,0.000000,3.291489
3.866933,0.0,0.000017,3.290666,0.000000,3.290666
3.869435,0.0,0.000017,3.289843,0.000000,3.289843
3.871936,0.0,0.000017,3.289020,0.000000,3.289020
3.874437,0.0,0.000017,3.288198,0.000000,3.288198
3.876938,0.0,0.000017,3.287375,0.000000,3.287375
3.879440,0.0,0.000017,3.286553,0.000000,3.286553
3.881941,0.0,0.000016,3.285731,0.000000,3.285731
3.884442,0.0,0.000016,3.284909,0.000000,3.284909
3.886943,0.0,0.000016,3.284088,0.000000,3.284088
3.889445,0.0,0.000016,3.283267,0.000000,3.283267
3.891946,0.0,0.000016,3.282445,0.000000,3.282445
3.894447,0.0,0.000016,3.281624,0.000000,3.281624
3.896948,0.0,0.000015,3.280804,0.000000,3.280804
3.899450,0.0,0.000015,3.279983,0.000000,3.279983
3.901951,0.0,0.000015,3.279163,0.000000,3.279163
3.904452,0.0,0.000015,3.278343,0.000000,3.278343
3.906953,0.0,0.000015,3.277523,0.000000,3.277523
3.909455,0.0,0.000015,3.276703,0.000000,3.276703
3.911956,0.0,0.000014,3.275884,0.000000,3.275884
3.914457,0.0,0.000014,3.275064,0.000000,3.275064
3.916958,0.0,0.000014,3.274245,0.000000,3.274245
3.919460,0.0,0.000014,3.273427,0.000000,3.273427
3.921961,0.0,0.000014,3.272608,0.000000,3.272608
3.924462,0.0,0.000014,3.271789,0.000000,3.271789
3.926963,0.0,0.000014,3.270971,0.000000,3.270971
3.929465,0.0,0.000014,3.270153,0.000000,3.270153
3.931966,0.0,0.000013,3.269335,0.000000,3.269335
3.934467,0.0,0.000013,3.268518,0.000000,3.268518
3.936968,0.0,0.000013,3.267700,0.000000,3.267700
3.939470,0.0,0.000013,3.266883,0.000000,3.266883
3.941971,0.0,0.000013,3.266066,0.000000,3.266066
3.944472,0.0,0.000013,3.265249,0.000000,3.265249
3.946973,0.0,0.000013,3.264433,0.000000,3.264433
3.949475,0.0,0.000012,3.263616,0.000000,3.263616
3.951976,0.0,0.000012,3.262800,0.000000,3.262800
3.954477,0.0,0.000012,3.261984,0.000000,3.261984
3.956978,0.0,0.000012,3.261168,0.000000,3.261168
3.959480,0.0,0.000012,3.260352,0.000000,3.260352
3.961981,0.0,0.000012,3.259537,0.000000,3.259537
3.964482,0.0,0.000012,3.258722,0.000000,3.258722
3.966983,0.0,0.000012,3.257907,0.000000,3.257907
3.969485,0.0,0.000012,3.257092,0.000000,3.257092
3.971986,0.0,0.000011,3.256278,0.000000,3.256278
3.974487,0.0,0.000011,3.255463,0.000000,3.255463
3.976988,0.0,0.000011,3.254649,0.000000,3.254649
3.979490,0.0,0.000011,3.253835,0.000000,3.253835
3.981991,0.0,0.000011,3.253021,0.000000,3.253021
3.984492,0.0,0.000011,3.252208,0.000000,3.252208
3.986993,0.0,0.000011,3.251394,0.000000,3.251394
3.989495,0.0,0.000011,3.250581,0.000000,3.250581
3.991996,0.0,0.000011,3.249768,0.000000,3.249768
3.994497,0.0,0.000010,3.248955,0.000000,3.248955
3.996998,0.0,0.000010,3.248143,0.000000,3.248143
3.999500,0.0,0.000010,3.247331,0.000000,3.247331
4.002001,0.0,0.000010,3.246518,0.000000,3.246518
4.004502,0.0,0.000010,3.245707,0.000000,3.245707
4.007004,0.0,0.000010,3.244895,0.000000,3.244895
4.009505,0.0,0.000010,3.244083,0.000000,3.244083
4.012006,0.0,0.000010,3.243272,0.000000,3.243272
4.014507,0.0,0.000010,3.242461,0.000000,3.242461
4.017009,0.0,0.000010,3.241650,0.000000,3.241650
4.019510,0.0,0.000009,3.240839,0.000000,3.240839
4.022011,0.0,0.000009,3.240029,0.000000,3.240029
4.024512,0.0,0.000009,3.239218,0.000000,3.239218
4.027014,0.0,0.000009,3.238408,0.000000,3.238408
4.029515,0.0,0.000009,3.237598,0.000000,3.237598
4.032016,0.0,0.000009,3.236789,0.000000,3.236789
4.034517,0.0,0.000009,3.235979,0.000000,3.235979
4.037019,0.0,0.000009,3.235170,0.000000,3.235170
4.039520,0.0,0.000009,3.234361,0.000000,3.234361
4.042021,0.0,0.000009,3.233552,0.000000,3.233552
4.044522,0.0,0.000009,3.232743,0.000000,3.232743
4.047024,0.0,0.000008,3.231935,0.000000,3.231935
4.049525,0.0,0.000008,3.231126,0.000000,3.231126
4.052026,0.0,0.000008,3.230318,0.000000,3.230318
4.054527,0.0,0.000008,3.229510,0.000000,3.229510
4.057029,0.0,0.000008,3.228703,0.000000,3.228703
4.059530,0.0,0.000008,3.227895,0.000000,3.227895
4.062031,0.0,0.000008,3.227088,0.000000,3.227088
4.064532,0.0,0.000008,3.226281,0.000000,3.226281
4.067034,0.0,0.000008,3.225474,0.000000,3.225474
4.069535,0.0,0.000008,3.224667,0.000000,3.224667
4.072036,0.0,0.000008,3.223861,0.000000,3.223861
4.074537,0.0,0.000008,3.223055,0.000000,3.223055
4.077039,0.0,0.000007,3.222249,0.000000,3.222249
4.079540,0.0,0.000007,3.221443,0.000000,3.221443
4.082041,0.0,0.000007,3.220637,0.000000,3.220637
4.084542,0.0,0.000007,3.219832,0.000000,3.219832
4.087044,0.0,0.000007,3.219026,0.000000,3.219026
4.089545,0.0,0.000007,3.218221,0.000000,3.218221
4.092046,0.0,0.000007,3.217416,0.000000,3.217416
4.094547,0.0,0.000007,3.216612,0.000000,3.216612
4.097049,0.0,0.000007,3.215807,0.000000,3.215807
4.099550,0.0,0.000007,3.215003,0.000000,3.215003
4.102051,0.0,0.000007,3.214199,0.000000,3.214199
4.104552,0.0,0.000007,3.213395,0.000000,3.213395
4.107054,0.0,0.000007,3.212591,0.000000,3.212591
4.109555,0.0,0.000007,3.211788,0.000000,3.211788
4.112056,0.0,0.000007,3.210985,0.000000,3.210985
4.114557,0.0,0.000006,3.210182,0.000000,3.210182
4.117059,0.0,0.000006,3.209379,0.000000,3.209379
4.119560,0.0,0.000006,3.208576,0.000000,3.208576
4.122061,0.0,0.000006,3.207774,0.000000,3.207774
4.124562,0.0,0.000006,3.206972,0.000000,3.206972
4.127064,0.0,0.000006,3.206170,0.000000,3.206170
4.129565,0.0,0.000006,3.205368,0.000000,3.205368
4.132066,0.0,0.000006,3.204566,0.000000,3.204566
4.134567,0.0,0.000006,3.203765,0.000000,3.203765
4.137069,0.0,0.000006,3.202963,0.000000,3.202963
4.139570,0.0,0.000006,3.202162,0.000000,3.202162
4.142071,0.0,0.000006,3.201361,0.000000,3.201361
4.144572,0.0,0.000006,3.200561,0.000000,3.200561
4.147074,0.0,0.000006,3.199760,0.000000,3.199760
4.149575,0.0,0.000006,3.198960,0.000000,3.198960
4.152076,0.0,0.000006,3.198160,0.000000,3.198160
4.154577,0.0,0.000005,3.197360,0.000000,3.197360
4.157079,0.0,0.000005,3.196561,0.000000,3.196561
4.159580,0.0,0.000005,3.195761,0.000000,3.195761
4.162081,0.0,0.000005,3.194962,0.000000,3.194962
4.164582,0.0,0.000005,3.194163,0.000000,3.194163
4.167084,0.0,0.000005,3.193364,0.000000,3.193364
4.169585,0.0,0.000005,3.192565,0.000000,3.192565
4.172086,0.0,0.000005,3.191767,0.000000,3.191767
4.174587,0.0,0.000005,3.190969,0.000000,3.190969
4.177089,0.0,0.000005,3.190171,0.000000,3.190171
4.179590,0.0,0.000005,3.189373,0.000000,3.189373
4.182091,0.0,0.000005,3.188575,0.000000,3.188575
4.184592,0.0,0.000005,3.187778,0.000000,3.187778
4.187094,0.0,0.000005,3.186981,0.000000,3.186981
4.189595,0.0,0.000005,3.186183,0.000000,3.186183
4.192096,0.0,0.000005,3.185387,0.000000,3.185387
4.194597,0.0,0.000005,3.184590,0.000000,3.184590
4.197099,0.0,0.000005,3.183794,0.000000,3.183794
4.199600,0.0,0.000005,3.182997,0.000000,3.182997
4.202101,0.0,0.000005,3.182201,0.000000,3.182201
4.204602,0.0,0.000004,3.181405,0.000000,3.181405
4.207104,0.0,0.000004,3.180610,0.000000,3.180610
4.209605,0.0,0.000004,3.179814,0.000000,3.179814
4.212106,0.0,0.000004,3.179019,0.000000,3.179019
4.214607,0.0,0.000004,3.178224,0.000000,3.178224
4.217109,0.0,0.000004,3.177429,0.000000,3.177429
4.219610,0.0,0.000004,3.176634,0.000000,3.176634
4.222111,0.0,0.000004,3.175840,0.000000,3.175840
4.224612,0.0,0.000004,3.175046,0.000000,3.175046
4.227114,0.0,0.000004,3.174252,0.000000,3.174252
4.229615,0.0,0.000004,3.173458,0.000000,3.173458
4.232116,0.0,0.000004,3.172664,0.000000,3.172664
4.234617,0.0,0.000004,3.171871,0.000000,3.171871
4.237119,0.0,0.000004,3.171077,0.000000,3.171077
4.239620,0.0,0.000004,3.170284,0.000000,3.170284
4.242121,0.0,0.000004,3.169492,0.000000,3.169492
4.244622,0.0,0.000004,3.168699,0.000000,3.168699
4.247124,0.0,0.000004,3.167906,0.000000,3.167906
4.249625,0.0,0.000004,3.167114,0.000000,3.167114
4.252126,0.0,0.000004,3.166322,0.000000,3.166322
4.254627,0.0,0.000004,3.165530,0.000000,3.165530
4.257129,0.0,0.000004,3.164738,0.000000,3.164738
4.259630,0.0,0.000004,3.163947,0.000000,3.163947
4.262131,0.0,0.000004,3.163156,0.000000,3.163156
4.264632,0.0,0.000004,3.162365,0.000000,3.162365
4.267134,0.0,0.000004,3.161574,0.000000,3.161574
4.269635,0.0,0.000003,3.160783,0.000000,3.160783
4.272136,0.0,0.000003,3.159993,0.000000,3.159993
4.274637,0.0,0.000003,3.159202,0.000000,3.159202
4.277139,0.0,0.000003,3.158412,0.000000,3.158412
4.279640,0.0,0.000003,3.157622,0.000000,3.157622
4.282141,0.0,0.000003,3.156833,0.000000,3.156833
4.284642,0.0,0.000003,3.156043,0.000000,3.156043
4.287144,0.0,0.000003,3.155254,0.000000,3.155254
4.289645,0.0,0.000003,3.154465,0.000000,3.154465
4.292146,0.0,0.000003,3.153676,0.000000,3.153676
4.294647,0.0,0.000003,3.152887,0.000000,3.152887
4.297149,0.0,0.000003,3.152099,0.000000,3.152099
4.299650,0.0,0.000003,3.151310,0.000000,3.151310
4.302151,0.0,0.000003,3.150522,0.000000,3.150522
4.304652,0.0,0.000003,3.149734,0.000000,3.149734
4.307154,0.0,0.000003,3.148946,0.000000,3.148946
4.309655,0.0,0.000003,3.148159,0.000000,3.148159
4.312156,0.0,0.000003,3.147372,0.000000,3.147372
4.314657,0.0,0.000003,3.146584,0.000000,3.146584
4.317159,0.0,0.000003,3.145797,0.000000,3.145797
4.319660,0.0,0.000003,3.145011,0.000000,3.145011
4.322161,0.0,0.000003,3.144224,0.000000,3.144224
4.324662,0.0,0.000003,3.143438,0.000000,3.143438
4.327164,0.0,0.000003,3.142652,0.000000,3.142652
4.329665,0.0,0.000003,3.141866,0.000000,3.141866
4.332166,0.0,0.000003,3.141080,0.000000,3.141080
4.334667,0.0,0.000003,3.140294,0.000000,3.140294
4.337169,0.0,0.000003,3.139509,0.000000,3.139509
4.339670,0.0,0.000003,3.138724,0.000000,3.138724
4.342171,0.0,0.000003,3.137939,0.000000,3.137939
4.344672,0.0,0.000003,3.137154,0.000000,3.137154
4.347174,0.0,0.000003,3.136370,0.000000,3.136370
4.349675,0.0,0.000003,3.135585,0.000000,3.135585
4.352176,0.0,0.000002,3.134801,0.000000,3.134801
4.354677,0.0,0.000002,3.134017,0.000000,3.134017
4.357179,0.0,0.000002,3.133233,0.000000,3.133233
4.359680,0.0,0.000002,3.132450,0.000000,3.132450
4.362181,0.0,0.000002,3.131666,0.000000,3.131666
4.364682,0.0,0.000002,3.130883,0.000000,3.130883
4.367184,0.0,0.000002,3.130100,0.000000,3.130100
4.369685,0.0,0.000002,3.129317,0.000000,3.129317
4.372186,0.0,0.000002,3.128534,0.000000,3.128534
4.374687,0.0,0.000002,3.127752,0.000000,3.127752
4.377189,0.0,0.000002,3.126970,0.000000,3.126970
4.379690,0.0,0.000002,3.126188,0.000000,3.126188
4.382191,0.0,0.000002,3.125406,0.000000,3.125406
4.384692,0.0,0.000002,3.124624,0.000000,3.124624
4.387194,0.0,0.000002,3.123843,0.000000,3.123843
4.389695,0.0,0.000002,3.123062,0.000000,3.123062
4.392196,0.0,0.000002,3.122281,0.000000,3.122281
4.394697,0.0,0.000002,3.121500,0.000000,3.121500
4.397199,0.0,0.000002,3.120719,0.000000,3.120719
4.399700,0.0,0.000002,3.119939,0.000000,3.119939
4.402201,0.0,0.000002,3.119158,0.000000,3.119158
4.404702,0.0,0.000002,3.118378,0.000000,3.118378
4.407204,0.0,0.000002,3.117598,0.000000,3.117598
4.409705,0.0,0.000002,3.116819,0.000000,3.116819
4.412206,0.0,0.000002,3.116039,0.000000,3.116039
4.414707,0.0,0.000002,3.115260,0.000000,3.115260
4.417209,0.0,0.000002,3.114481,0.000000,3.114481
4.419710,0.0,0.000002,3.113702,0.000000,3.113702
4.422211,0.0,0.000002,3.112923,0.000000,3.112923
4.424712,0.0,0.000002,3.112145,0.000000,3.112145
4.427214,0.0,0.000002,3.111366,0.000000,3.111366
4.429715,0.0,0.000002,3.110588,0.000000,3.110588
4.432216,0.0,0.000002,3.109810,0.000000,3.109810
4.434717,0.0,0.000002,3.109032,0.000000,3.109032
4.437219,0.0,0.000002,3.108255,0.000000,3.108255
4.439720,0.0,0.000002,3.107477,0.000000,3.107477
4.442221,0.0,0.000002,3.106700,0.000000,3.106700
4.444722,0.0,0.000002,3.105923,0.000000,3.105923
4.447224,0.0,0.000002,3.105147,0.000000,3.105147
4.449725,0.0,0.000002,3.104370,0.000000,3.104370
4.452226,0.0,0.000002,3.103594,0.000000,3.103594
4.454727,0.0,0.000002,3.102817,0.000000,3.102817
4.457229,0.0,0.000002,3.102041,0.000000,3.102041
4.459730,0.0,0.000002,3.101266,0.000000,3.101266
4.462231,0.0,0.000002,3.100490,0.000000,3.100490
4.464732,0.0,0.000002,3.099715,0.000000,3.099715
4.467234,0.0,0.000002,3.098939,0.000000,3.098939
4.469735,0.0,0.000002,3.098164,0.000000,3.098164
4.472236,0.0,0.000002,3.097390,0.000000,3.097390
4.474737,0.0,0.000002,3.096615,0.000000,3.096615
4.477239,0.0,0.000002,3.095840,0.000000,3.095840
4.479740,0.0,0.000001,3.095066,0.000000,3.095066
4.482241,0.0,0.000001,3.094292,0.000000,3.094292
4.484742,0.0,0.000001,3.093518,0.000000,3.093518
4.487244,0.0,0.000001,3.092745,0.000000,3.092745
4.489745,0.0,0.000001,3.091971,0.000000,3.091971
4.492246,0.0,0.000001,3.091198,0.000000,3.091198
4.494747,0.0,0.000001,3.090425,0.000000,3.090425
4.497249,0.0,0.000001,3.089652,0.000000,3.089652
4.499750,0.0,0.000001,3.088879,0.000000,3.088879
4.502251,0.0,0.000001,3.088107,0.000000,3.088107
4.504752,0.0,0.000001,3.087334,0.000000,3.087334
4.507254,0.0,0.000001,3.086562,0.000000,3.086562
4.509755,0.0,0.000001,3.085790,0.000000,3.085790
4.512256,0.0,0.000001,3.085019,0.000000,3.085019
4.514757,0.0,0.000001,3.084247,0.000000,3.084247
4.517259,0.0,0.000001,3.083476,0.000000,3.083476
4.519760,0.0,0.000001,3.082704,0.000000,3.082704
4.522261,0.0,0.000001,3.081934,0.000000,3.081934
4.524762,0.0,0.000001,3.081163,0.000000,3.081163
4.527264,0.0,0.000001,3.080392,0.000000,3.080392
4.529765,0.0,0.000001,3.079622,0.000000,3.079622
4.532266,0.0,0.000001,3.078852,0.000000,3.078852
4.534767,0.0,0.000001,3.078082,0.000000,3.078082
4.537269,0.0,0.000001,3.077312,0.000000,3.077312
4.539770,0.0,0.000001,3.076542,0.000000,3.076542
4.542271,0.0,0.000001,3.075773,0.000000,3.075773
4.544772,0.0,0.000001,3.075004,0.000000,3.075004
4.547274,0.0,0.000001,3.074234,0.000000,3.074234
4.549775,0.0,0.000001,3.073466,0.000000,3.073466
4.552276,0.0,0.000001,3.072697,0.000000,3.072697
4.554777,0.0,0.000001,3.071929,0.000000,3.071929
4.557279,0.0,0.000001,3.071160,0.000000,3.071160
4.559780,0.0,0.000001,3.070392,0.000000,3.070392
4.562281,0.0,0.000001,3.069624,0.000000,3.069624
4.564782,0.0,0.000001,3.068857,0.000000,3.068857
4.567284,0.0,0.000001,3.068089,0.000000,3.068089
4.569785,0.0,0.000001,3.067322,0.000000,3.067322
4.572286,0.0,0.000001,3.066555,0.000000,3.066555
4.574787,0.0,0.000001,3.065788,0.000000,3.065788
4.577289,0.0,0.000001,3.065021,0.000000,3.065021
4.579790,0.0,0.000001,3.064254,0.000000,3.064254
4.582291,0.0,0.000001,3.063488,0.000000,3.063488
4.584792,0.0,0.000001,3.062722,0.000000,3.062722
4.587294,0.0,0.000001,3.061956,0.000000,3.061956
4.589795,0.0,0.000001,3.061190,0.000000,3.061190
4.592296,0.0,0.000001,3.060425,0.000000,3.060425
4.594797,0.0,0.000001,3.059659,0.000000,3.059659
4.597299,0.0,0.000001,3.058894,0.000000,3.058894
4.599800,0.0,0.000001,3.058129,0.000000,3.058129
4.602301,0.0,0.000001,3.057364,0.000000,3.057364
4.604802,0.0,0.000001,3.056600,0.000000,3.056600
4.607304,0.0,0.000001,3.055835,0.000000,3.055835
4.609805,0.0,0.000001,3.055071,0.000000,3.055071
4.612306,0.0,0.000001,3.054307,0.000000,3.054307
4.614807,0.0,0.000001,3.053543,0.000000,3.053543
4.617309,0.0,0.000001,3.052779,0.000000,3.052779
4.619810,0.0,0.000001,3.052016,0.000000,3.052016
4.622311,0.0,0.000001,3.051253,0.000000,3.051253
4.624812,0.0,0.000001,3.050489,0.000000,3.050489
4.627314,0.0,0.000001,3.049727,0.000000,3.049727
4.629815,0.0,0.000001,3.048964,0.000000,3.048964
4.632316,0.0,0.000001,3.048201,0.000000,3.048201
4.634817,0.0,0.000001,3.047439,0.000000,3.047439
4.637319,0.0,0.000001,3.046677,0.000000,3.046677
4.639820,0.0,0.000001,3.045915,0.000000,3.045915
4.642321,0.0,0.000001,3.045153,0.000000,3.045153
4.644822,0.0,0.000001,3.044391,0.000000,3.044391
4.647324,0.0,0.000001,3.043630,0.000000,3.043630
4.649825,0.0,0.000001,3.042869,0.000000,3.042869
4.652326,0.0,0.000001,3.042108,0.000000,3.042108
4.654827,0.0,0.000001,3.041347,0.000000,3.041347
4.657329,0.0,0.000001,3.040586,0.000000,3.040586
4.659830,0.0,0.000001,3.039826,0.000000,3.039826
4.662331,0.0,0.000001,3.039066,0.000000,3.039066
4.664832,0.0,0.000001,3.038306,0.000000,3.038306
4.667334,0.0,0.000001,3.037546,0.000000,3.037546
4.669835,0.0,0.000001,3.036786,0.000000,3.036786
4.672336,0.0,0.000001,3.036027,0.000000,3.036027
4.674837,0.0,0.000001,3.035267,0.000000,3.035267
4.677339,0.0,0.000001,3.034508,0.000000,3.034508
4.679840,0.0,0.000001,3.033749,0.000000,3.033749
4.682341,0.0,0.000001,3.032991,0.000000,3.032991
4.684842,0.0,0.000001,3.032232,0.000000,3.032232
4.687344,0.0,0.000001,3.031474,0.000000,3.031474
4.689845,0.0,0.000001,3.030716,0.000000,3.030716
4.692346,0.0,0.000001,3.029958,0.000000,3.029958
4.694847,0.0,0.000001,3.029200,0.000000,3.029200
4.697349,0.0,0.000001,3.028442,0.000000,3.028442
4.699850,0.0,0.000001,3.027685,0.000000,3.027685
4.702351,0.0,0.000001,3.026928,0.000000,3.026928
4.704852,0.0,0.000001,3.026171,0.000000,3.026171
4.707354,0.0,0.000001,3.025414,0.000000,3.025414
4.709855,0.0,0.000001,3.024657,0.000000,3.024657
4.712356,0.0,0.000001,3.023901,0.000000,3.023901
4.714857,0.0,0.000001,3.023145,0.000000,3.023145
4.717359,0.0,0.000001,3.022389,0.000000,3.022389
4.719860,0.0,0.000001,3.021633,0.000000,3.021633
4.722361,0.0,0.000001,3.020877,0.000000,3.020877
4.724862,0.0,0.000001,3.020121,0.000000,3.020121
4.727364,0.0,0.000001,3.019366,0.000000,3.019366
4.729865,0.0,0.000001,3.018611,0.000000,3.018611
4.732366,0.0,0.000001,3.017856,0.000000,3.017856
4.734867,0.0,0.000001,3.017101,0.000000,3.017101
4.737369,0.0,0.000001,3.016347,0.000000,3.016347
4.739870,0.0,0.000001,3.015592,0.000000,3.015592
4.742371,0.0,0.000001,3.014838,0.000000,3.014838
4.744872,0.0,0.000001,3.014084,0.000000,3.014084
4.747374,0.0,0.000001,3.013330,0.000000,3.013330
4.749875,0.0,0.000001,3.012577,0.000000,3.012577
4.752376,0.0,0.000001,3.011823,0.000000,3.011823
4.754877,0.0,0.000000,3.011070,0.000000,3.011070
4.757379,0.0,0.000000,3.010317,0.000000,3.010317
4.759880,0.0,0.000000,3.009564,0.000000,3.009564
4.762381,0.0,0.000000,3.008812,0.000000,3.008812
4.764882,0.0,0.000000,3.008059,0.000000,3.008059
4.767384,0.0,0.000000,3.007307,0.000000,3.007307
4.769885,0.0,0.000000,3.006555,0.000000,3.006555
4.772386,0.0,0.000000,3.005803,0.000000,3.005803
4.774887,0.0,0.000000,3.005051,0.000000,3.005051
4.777389,0.0,0.000000,3.004299,0.000000,3.004299
4.779890,0.0,0.000000,3.003548,0.000000,3.003548
4.782391,0.0,0.000000,3.002797,0.000000,3.002797
4.784892,0.0,0.000000,3.002046,0.000000,3.002046
4.787394,0.0,0.000000,3.001295,0.000000,3.001295
4.789895,0.0,0.000000,3.000545,0.000000,3.000545
4.792396,0.0,0.000000,2.999794,0.000000,2.999794
4.794897,0.0,0.000000,2.999044,0.000000,2.999044
4.797399,0.0,0.000000,2.998294,0.000000,2.998294
4.799900,0.0,0.000000,2.997544,0.000000,2.997544
4.802401,0.0,0.000000,2.996794,0.000000,2.996794
4.804902,0.0,0.000000,2.996045,0.000000,2.996045
4.807404,0.0,0.000000,2.995296,0.000000,2.995296
4.809905,0.0,0.000000,2.994546,0.000000,2.994546
4.812406,0.0,0.000000,2.993798,0.000000,2.993798
4.814907,0.0,0.000000,2.993049,0.000000,2.993049
4.817409,0.0,0.000000,2.992300,0.000000,2.992300
4.819910,0.0,0.000000,2.991552,0.000000,2.991552
4.822411,0.0,0.000000,2.990804,0.000000,2.990804
4.824912,0.0,0.000000,2.990056,0.000000,2.990056
4.827414,0.0,0.000000,2.989308,0.000000,2.989308
4.829915,0.0,0.000000,2.988560,0.000000,2.988560
4.832416,0.0,0.000000,2.987813,0.000000,2.987813
4.834917,0.0,0.000000,2.987066,0.000000,2.987066
4.837419,0.0,0.000000,2.986319,0.000000,2.986319
4.839920,0.0,0.000000,2.985572,0.000000,2.985572
4.842421,0.0,0.000000,2.984825,0.000000,2.984825
4.844922,0.0,0.000000,2.984079,0.000000,2.984079
4.847424,0.0,0.000000,2.983332,0.000000,2.983332
4.849925,0.0,0.000000,2.982586,0.000000,2.982586
4.852426,0.0,0.000000,2.981840,0.000000,2.981840
4.854927,0.0,0.000000,2.981095,0.000000,2.981095
4.857429,0.0,0.000000,2.980349,0.000000,2.980349
4.859930,0.0,0.000000,2.979604,0.000000,2.979604
4.862431,0.0,0.000000,2.978858,0.000000,2.978858
4.864932,0.0,0.000000,2.978113,0.000000,2.978113
4.867434,0.0,0.000000,2.977369,0.000000,2.977369
4.869935,0.0,0.000000,2.976624,0.000000,2.976624
4.872436,0.0,0.000000,2.975880,0.000000,2.975880
4.874937,0.0,0.000000,2.975135,0.000000,2.975135
4.877439,0.0,0.000000,2.974391,0.000000,2.974391
4.879940,0.0,0.000000,2.973647,0.000000,2.973647
4.882441,0.0,0.000000,2.972904,0.000000,2.972904
4.884942,0.0,0.000000,2.972160,0.000000,2.972160
4.887444,0.0,0.000000,2.971417,0.000000,2.971417
4.889945,0.0,0.000000,2.970674,0.000000,2.970674
4.892446,0.0,0.000000,2.969931,0.000000,2.969931
4.894947,0.0,0.000000,2.969188,0.000000,2.969188
4.897449,0.0,0.000000,2.968445,0.000000,2.968445
4.899950,0.0,0.000000,2.967703,0.000000,2.967703
4.902451,0.0,0.000000,2.966961,0.000000,2.966961
4.904952,0.0,0.000000,2.966219,0.000000,2.966219
4.907454,0.0,0.000000,2.965477,0.000000,2.965477
4.909955,0.0,0.000000,2.964735,0.000000,2.964735
4.912456,0.0,0.000000,2.963994,0.000000,2.963994
4.914957,0.0,0.000000,2.963253,0.000000,2.963253
4.917459,0.0,0.000000,2.962512,0.000000,2.962512
4.919960,0.0,0.000000,2.961771,0.000000,2.961771
4.922461,0.0,0.000000,2.961030,0.000000,2.961030
4.924962,0.0,0.000000,2.960289,0.000000,2.960289
4.927464,0.0,0.000000,2.959549,0.000000,2.959549
4.929965,0.0,0.000000,2.958809,0.000000,2.958809
4.932466,0.0,0.000000,2.958069,0.000000,2.958069
4.934967,0.0,0.000000,2.957329,0.000000,2.957329
4.937469,0.0,0.000000,2.956590,0.000000,2.956590
4.939970,0.0,0.000000,2.955850,0.000000,2.955850
4.942471,0.0,0.000000,2.955111,0.000000,2.955111
4.944972,0.0,0.000000,2.954372,0.000000,2.954372
4.947474,0.0,0.000000,2.953633,0.000000,2.953633
4.949975,0.0,0.000000,2.952894,0.000000,2.952894
4.952476,0.0,0.000000,2.952156,0.000000,2.952156
4.954977,0.0,0.000000,2.951417,0.000000,2.951417
4.957479,0.0,0.000000,2.950679,0.000000,2.950679
4.959980,0.0,0.000000,2.949941,0.000000,2.949941
4.962481,0.0,0.000000,2.949204,0.000000,2.949204
4.964982,0.0,0.000000,2.948466,0.000000,2.948466
4.967484,0.0,0.000000,2.947729,0.000000,2.947729
4.969985,0.0,0.000000,2.946991,0.000000,2.946991
4.972486,0.0,0.000000,2.946254,0.000000,2.946254
4.974987,0.0,0.000000,2.945518,0.000000,2.945518
4.977489,0.0,0.000000,2.944781,0.000000,2.944781
4.979990,0.0,0.000000,2.944044,0.000000,2.944044
4.982491,0.0,0.000000,2.943308,0.000000,2.943308
4.984992,0.0,0.000000,2.942572,0.000000,2.942572
4.987494,0.0,0.000000,2.941836,0.000000,2.941836
4.989995,0.0,0.000000,2.941100,0.000000,2.941100
4.992496,0.0,0.000000,2.940365,0.000000,2.940365
4.994997,0.0,0.000000,2.939629,0.000000,2.939629
4.997499,0.0,0.000000,2.938894,0.000000,2.938894
5.000000,0.0,0.000000,2.938159,0.000000,2.938159
